date,rank,symbol,stock_name,signal_source,best_sector,best_sector_name,sectors,final_score,base_score,risk_penalty,board_leadership,relative_strength,liquidity,brick_strength,white_yellow_trend,previous_kdj_j,previous_kdj_doji,score_bucket,return_1d,return_2d,return_3d,return_5d,next_day_high_return,next_day_low_return,hit_plus_3pct_next_day,hit_minus_3pct_next_day
2026-01-05,1,300054.SZ,鼎龙股份,shared,880672.SH,存储芯片,880672.SH,25.0,54.48448010383381,0.0,2.4000000000000004,5.654450261780105,9.129635689354275,20.931233782244743,16.210174435080802,0.15898593537388214,0.0,<50,0.03149001536098295,0.14772145417306692,0.16589861751152069,0.15181771633384544,0.06451612903225801,-0.00640040962621613,True,False
2026-01-05,2,300346.SZ,南大光电,shared,880672.SH,存储芯片,880672.SH,25.0,62.7654726484303,0.0,2.4000000000000004,6.020942408376963,8.988547120418849,10.727213373384814,14.62876974624967,15.0,5.0,<50,0.029550033579583523,0.23550481307365123,0.2605775688381464,0.28385941347660615,0.03828072531900606,-0.009626147302440158,True,False
2026-01-05,3,300655.SZ,晶瑞电材,shared,880672.SH,存储芯片,880672.SH,25.0,54.40690897389112,0.0,2.4000000000000004,4.869109947643979,5.522660340314136,8.902048814499492,12.713089871433514,15.0,5.0,<50,0.048619447779111535,0.15186074429771912,0.1452581032412965,0.14045618247298908,0.07322929171668657,-0.010204081632653184,True,False
2026-01-05,4,301201.SZ,诚达药业,shared,880920.SH,免疫治疗,880920.SH,25.0,64.52304071287948,8.0,4.800000000000001,9.01639344262295,9.435483870967742,21.014914523259556,15.5611493890048,4.695099487024426,0.0,<50,0.016445145302996123,0.04550574453705791,0.07366523991890062,0.15003379139445805,0.023653976120747933,-0.012615453931065557,False,False
2026-01-05,5,301629.SZ,矽电股份,shared,880672.SH,存储芯片,880672.SH,25.0,58.070003732169816,14.0,2.4000000000000004,8.848167539267015,10.900155431937172,0.5770583190431481,15.344622441922482,15.0,5.0,<50,0.021224524241529208,0.07599476771171765,0.2358749314317059,0.16882568884763072,0.050466264399341654,-0.02822903919996622,True,False
2026-01-06,1,002460.SZ,赣锋锂业,shared,880899.SH,钴金属,880899.SH,76.95988411726147,76.95988411726147,0.0,2.4000000000000004,6.944444444444445,6.680555555555555,28.0,15.867556231819133,12.067327885442332,5.0,70-<80,-0.00627802690582957,-0.028101644245142166,-0.022571001494768428,0.058295964125560484,0.017488789237668056,-0.024065769805680093,False,False
2026-01-06,2,000566.SZ,海南海药,shared,880733.SH,人脑工程,880733.SH,69.49638467477364,75.49638467477364,6.0,12.0,3.4523809523809526,4.7272727272727275,27.02634246183053,10.455469693461982,12.834918839827441,5.0,60-<70,-0.023383768913342484,0.02751031636863832,0.016506189821182904,-0.0220082530949105,0.0027510316368639653,-0.026134800550206227,False,False
2026-01-07,1,688403.SH,汇成股份,shared,880672.SH,存储芯片,880672.SH;880635.SH,77.50622809932908,77.50622809932908,0.0,7.199999999999999,4.293193717277487,5.529572971204189,28.0,15.314969388223231,12.168492022624177,5.0,70-<80,0.08982035928143706,0.08083832335329344,0.0880239520958086,0.0880239520958086,0.10718562874251503,-0.017365269461077748,True,False
2026-01-07,2,301036.SZ,双乐股份,shared,880716.SH,光刻机,880716.SH,77.12863042183834,77.12863042183834,0.0,12.0,3.658536585365854,4.17479674796748,28.0,9.295297088504999,15.0,5.0,70-<80,-0.012240250498149696,-0.012809564474807966,-0.008255052661542805,0.001423284941645342,0.000284656988329024,-0.015940791346427563,False,False
2026-01-08,1,300726.SZ,宏达电子,shared,880548.SH,商业航天,880548.SH,79.51114421171361,79.51114421171361,0.0,2.4000000000000004,6.527777777777778,8.40953307392996,28.0,17.0,12.173833360005869,5.0,70-<80,0.03405865657521279,0.0331125827814569,-0.03595080416272467,-0.037275307473983,0.05070955534531696,-0.008893093661305529,True,False
2026-01-08,2,300351.SZ,永贵电器,shared,880546.SH,卫星导航,880546.SH;880548.SH,66.62463424657979,66.62463424657979,0.0,4.800000000000001,2.572463768115942,3.075268817204301,28.0,16.216075238315852,11.960826422943692,0.0,60-<70,0.019157088122605526,0.0448823207443898,0.023535851122058027,0.003831417624521105,0.026819923371647514,-0.0005473453749315071,False,False
2026-01-08,3,301329.SZ,信音电子,shared,880546.SH,卫星导航,880546.SH;880548.SH,35.0,64.83911937631973,0.0,4.800000000000001,6.3768115942028984,5.8942652329749095,18.805344109800735,14.933660198173735,14.029038241167452,0.0,<50,0.05987525987525988,0.09771309771309755,0.04532224532224527,0.059043659043658936,0.1130977130977131,0.007900207900207734,True,False
2026-01-08,4,002682.SZ,龙洲股份,shared,880546.SH,卫星导航,880546.SH;880548.SH,25.0,64.67444997181916,0.0,4.800000000000001,6.77536231884058,5.032258064516129,15.230476054814066,13.0,14.836353533648383,5.0,<50,-0.007177033492822837,0.0346889952153111,-0.06818181818181812,-0.12200956937799035,0.017942583732057482,-0.023923444976076458,False,False
2026-01-14,1,002253.SZ,川大智胜,shared,880689.SH,华为算力,880689.SH,79.45428882055973,79.45428882055973,0.0,2.4000000000000004,7.777777777777778,5.5,28.0,16.185309453828953,14.591201588952993,5.0,70-<80,0.018404907975460016,0.002629272567922891,-0.020157756354075462,-0.04645048203330404,0.042944785276073594,-0.0035056967572305586,True,False
2026-01-15,1,300260.SZ,新莱应材,shared,880716.SH,光刻机,880716.SH,91.87225679239762,91.87225679239762,0.0,12.0,7.967479674796748,10.040650406504065,28.0,16.491095499534367,12.373031211562438,5.0,90-100,0.0248739495798318,0.006386554621848672,0.03361344537815136,0.03865546218487381,0.08705882352941186,-0.005042016806722671,True,False
2026-01-15,2,688519.SH,南亚新材,shared,880672.SH,存储芯片,880672.SH,88.4308264663097,92.4308264663097,4.0,9.600000000000001,8.941798941798941,9.885416666666666,28.0,16.003610857844084,15.0,5.0,80-<90,0.01781170483460559,0.060432569974554706,-0.03040712468193385,0.16106870229007653,0.02900763358778624,-0.012086513994910786,False,False
2026-01-15,3,688300.SH,联瑞新材,shared,880672.SH,存储芯片,880672.SH;880635.SH,86.45344032357914,90.45344032357914,4.0,9.600000000000001,8.783068783068783,9.411458333333334,28.0,14.658913207177026,15.0,5.0,80-<90,0.04795050270688317,0.05537509667440066,0.06682134570765652,0.08012374323279192,0.05583913379737049,0.0027842227378189754,True,False
2026-01-15,4,688535.SH,华海诚科,shared,880672.SH,存储芯片,880672.SH;880635.SH,83.93106452721456,83.93106452721456,0.0,9.600000000000001,6.349206349206349,4.604166666666667,28.0,15.377691511341538,15.0,5.0,80-<90,0.08695652173913038,0.11115913216354056,0.15826778459676727,0.17555536347134582,0.09776125853574213,0.011064050479730358,True,False
2026-01-15,5,002008.SZ,大族激光,shared,880716.SH,光刻机,880716.SH;880672.SH;880635.SH,83.51151882205255,83.51151882205255,0.0,12.0,7.560975609756097,8.032520325203253,28.0,17.0,10.918022887093201,0.0,80-<90,0.054561717352414885,0.07602862254025045,0.04181574239713792,0.1504919499105546,0.06015205724508044,-0.004695885509839015,True,False
2026-01-16,1,002916.SZ,深南电路,shared,880672.SH,存储芯片,880672.SH;880635.SH,92.52151729813004,92.52151729813004,0.0,12.0,6.282722513089006,11.002604166666666,28.0,15.236190618374366,15.0,5.0,90-100,0.022737041175964867,-0.0076506490157310925,0.06206481561076238,0.0636551190578527,0.053038769019169596,-0.02853949969913172,True,False
2026-01-16,2,688981.SH,中芯国际,shared,880672.SH,存储芯片,880672.SH,88.27106509026306,88.27106509026306,0.0,12.0,3.507853403141361,9.546875,28.0,15.2163366871217,15.0,5.0,80-<90,-0.01338688085676032,-0.03787699818883372,0.001574927159618822,-0.015985510670131542,0.011890700055122494,-0.014725568942436373,False,False
2026-01-16,3,001311.SZ,多利科技,shared,880675.SH,减速器,880675.SH,79.70348959365856,79.70348959365856,0.0,4.800000000000001,8.074074074074074,7.3125,28.0,16.516915519584483,15.0,0.0,70-<80,0.051442164733868534,0.03865596193874499,0.09991079393398739,0.16859946476360377,0.055605114481118045,-0.015759738328873008,True,False
2026-01-16,4,688233.SH,神工股份,shared,880672.SH,存储芯片,880672.SH;880608.SH,79.48421124500956,87.48421124500956,8.0,12.0,8.848167539267015,8.057291666666666,28.0,16.983453965835746,13.595298073240127,0.0,70-<80,0.0027517198248905306,0.08292682926829253,0.08930581613508437,0.10819262038774213,0.03564727954971847,-0.01776110068793002,True,False
2026-01-16,5,603800.SH,洪田股份,shared,880635.SH,先进封装,880635.SH,74.53232335969942,82.53232335969942,8.0,9.600000000000001,8.983957219251337,8.15079365079365,23.34858363215116,14.516515610602854,12.932473246900413,5.0,70-<80,-0.022026431718061623,-0.04232905573644896,-0.00402221796590696,-0.03083700440528636,0.028538594139053908,-0.03179467534954994,False,True
2026-01-19,1,300265.SZ,通光线缆,shared,880964.SH,特高压,880964.SH;880520.SH,86.7130262201338,90.7130262201338,4.0,12.0,7.82258064516129,7.222222222222222,28.0,16.739344536228682,13.928878816521607,5.0,80-<90,-0.04923486360612106,-0.09647371922821024,-0.07252162341982704,-0.06852960745176306,0.009980039920159722,-0.06586826347305386,False,True
2026-01-19,2,600486.SH,扬农化工,shared,880910.SH,草甘膦,880910.SH;880797.SH,82.03708041024856,86.03708041024856,4.0,7.199999999999999,9.375,10.96875,28.0,15.765922519507457,14.727407890741102,0.0,80-<90,0.024879060124395558,0.03178991015894961,0.06482377332411904,0.06385625431928132,0.02916378714581902,-0.002349689011748257,False,False
2026-01-19,3,001231.SZ,农心科技,shared,880797.SH,虫害防治,880797.SH,71.73915867264827,71.73915867264827,0.0,2.4000000000000004,5.454545454545454,5.318181818181818,28.0,15.566431399920997,15.0,0.0,70-<80,-0.009203681472588876,-0.014405762304921965,-0.013605442176870763,0.0008003201280513128,0.0,-0.019607843137254832,False,False
2026-01-19,4,688262.SH,国芯科技,shared,880520.SH,智能电网,880520.SH,45.0,74.58110558420292,6.0,4.800000000000001,2.973977695167286,5.190476190476191,28.0,16.41893301239806,12.197718686161377,5.0,<50,0.07426810477657919,0.10909090909090913,0.14699537750385194,0.04160246533127876,0.14946070878274242,-0.0015408320493067729,True,False
2026-01-19,5,300082.SZ,奥克股份,shared,880587.SH,聚氨酯,880587.SH,25.0,56.9211864359204,0.0,9.600000000000001,4.722222222222222,5.055555555555555,11.079088404745422,15.071741922589931,11.392578330807263,0.0,<50,0.008555133079847899,0.06178707224334601,0.05513307984790883,0.03897338403041828,0.015209125475285079,-0.014258555133079831,False,False
2026-01-21,1,002466.SZ,天齐锂业,shared,880761.SH,锂矿,880761.SH,85.69146807899413,85.69146807899413,0.0,7.199999999999999,5.8,9.75,28.0,16.650185392633485,13.291282686360649,5.0,80-<90,-0.01269737913071789,0.0223018069347225,0.004558033534103778,-0.005209181181833,0.019860003255738112,-0.01855770796028,False,False
2026-01-21,2,002192.SZ,融捷股份,shared,880761.SH,锂矿,880761.SH,81.54713581636312,85.54713581636312,4.0,7.199999999999999,8.6,10.4,28.0,16.34713581636312,15.0,0.0,80-<90,-0.0008576329331045907,0.050943396226415194,0.026929674099485323,0.019210977701543897,0.023670668953687857,-0.011492281303601914,False,False
2026-01-21,3,301183.SZ,东田微,shared,880656.SH,CPO概念,880656.SH,45.0,68.36281259129343,4.0,4.800000000000001,8.814432989690722,8.811855670103093,19.954118961104054,11.182690516082051,14.799714454313513,0.0,<50,0.02461743180306053,-0.024284763805721976,-0.01463739188290103,0.03885562208915494,0.030405854956753187,-0.011111111111111183,True,False
2026-01-21,4,688350.SH,富淼科技,shared,880761.SH,锂矿,880761.SH,35.0,75.83407849314425,0.0,7.199999999999999,7.0,2.86,28.0,16.724188569687257,14.049889923456984,0.0,<50,-0.024822695035460973,-0.03191489361702127,-0.03900709219858145,-0.11773049645390077,0.027659574468085202,-0.029787234042553234,False,False
2026-01-21,5,002183.SZ,怡 亚 通,shared,880761.SH,锂矿,880761.SH,25.0,66.67480770462153,0.0,7.199999999999999,4.8,6.24,13.856288529701688,14.578519174919837,15.0,5.0,<50,0.10019646365422386,0.12377210216110024,0.13163064833005889,0.21611001964636545,0.10019646365422386,0.0,True,False
2026-01-22,1,600862.SH,中航高科,shared,880616.SH,大飞机,880616.SH,87.77127231744436,87.77127231744436,0.0,7.199999999999999,8.14569536423841,11.24671052631579,26.314697951290416,16.726152198558673,13.138016277041064,5.0,80-<90,-0.0056839712012126675,-0.04244031830238726,-0.025009473285335315,-0.05608184918529746,0.008715422508525972,-0.014778325123152691,False,False
2026-01-22,2,300084.SZ,海默科技,shared,880549.SH,可燃冰,880549.SH;880553.SH,87.66013109516774,87.66013109516774,0.0,12.0,7.5,5.145833333333333,28.0,16.369317483515697,13.644980278318709,5.0,80-<90,0.02504638218923949,0.03896103896103886,0.05658627087198531,0.032467532467532534,0.0287569573283859,-0.01948051948051943,False,False
2026-01-22,3,688122.SH,西部超导,shared,880616.SH,大飞机,880616.SH,86.05578598814918,86.05578598814918,0.0,7.199999999999999,8.079470198675496,10.776315789473685,28.0,17.0,15.0,0.0,80-<90,0.026244146792987033,-0.030382228030055414,-0.011760862463247257,-0.04159860612000432,0.03441141239246437,-0.019601437438745428,True,False
2026-01-22,4,300008.SZ,天海防务,shared,880914.SH,军贸概念,880914.SH,78.39998587072667,82.39998587072667,4.0,2.4000000000000004,9.2,12.22,28.0,16.36615063823111,14.213835232495551,0.0,70-<80,0.0033370411568409697,-0.020022246941045596,-0.034482758620689724,-0.06674082313681862,0.010011123470522687,-0.016685205784204737,False,False
2026-01-22,5,688543.SH,国科军工,shared,880914.SH,军贸概念,880914.SH,74.23555514106741,74.23555514106741,0.0,2.4000000000000004,6.4,8.58,28.0,17.0,11.855555141067413,0.0,70-<80,0.01539969200615987,-0.032899342013159805,0.007559848803023739,-0.048019039619207726,0.02757944841103166,-0.02001959960800792,False,False
2026-01-23,1,688456.SH,有研粉材,shared,880684.SH,BC电池,880684.SH,78.65156521694755,78.65156521694755,0.0,12.0,2.4489795918367347,4.42,28.0,12.119710672321695,14.662874952789114,5.0,70-<80,-0.04293409378960711,-0.03406210392902409,-0.013783269961977096,-0.04467680608365021,0.03596324461343481,-0.05228136882129275,True,True
2026-01-23,2,300433.SZ,蓝思科技,shared,880638.SH,TOPCon电池,880638.SH,74.55700781834975,82.55700781834975,8.0,7.199999999999999,9.0625,11.227272727272727,24.432780395236264,17.0,13.634454695840763,0.0,70-<80,-0.08615023474178407,-0.0910798122065728,-0.10985915492957743,-0.14671361502347413,-0.011737089201877882,-0.0997652582159625,False,True
2026-01-23,3,002634.SZ,*ST棒杰,shared,880638.SH,TOPCon电池,880638.SH,70.81983016741165,74.81983016741165,4.0,7.199999999999999,5.15625,5.0227272727272725,28.0,14.903931621627908,14.536921273056468,0.0,70-<80,-0.09290540540540537,-0.0016891891891891442,-0.048986486486486513,-0.06756756756756765,0.011824324324324342,-0.09966216216216217,False,True
2026-01-23,4,301327.SZ,华宝新能,shared,880684.SH,BC电池,880684.SH,69.36709636075663,73.36709636075663,4.0,12.0,3.2653061224489797,6.37,17.06347124117427,14.66831899713338,15.0,5.0,60-<70,-0.028843155597131243,-0.027439975054568078,-0.05051449953227316,-0.08481446835048323,0.006859993763641992,-0.03180542563143118,False,True
2026-01-23,5,688472.SH,阿特斯,shared,880684.SH,BC电池,880684.SH;880655.SH;880638.SH;880737.SH,65.6880052658904,73.6880052658904,8.0,12.0,7.755102040816326,9.75,25.663181945623183,17.0,1.5197212794508819,0.0,60-<70,-0.05263157894736836,-0.06481994459833806,-0.0908587257617729,-0.1534626038781164,0.016620498614958512,-0.059833795013850555,False,True
2026-01-26,1,300318.SZ,博晖创新,shared,880557.SH,生物疫苗,880557.SH,75.12147778028819,83.12147778028819,8.0,7.199999999999999,9.117647058823529,10.036764705882353,28.0,16.384075447071087,12.382990568511218,0.0,70-<80,0.06397774687065372,0.011126564673157091,-0.03894297635605015,-0.12934631432545207,0.13630041724617525,-0.06536856745479847,True,True
2026-01-27,1,300656.SZ,民德电子,shared,880758.SH,汽车芯片,880758.SH,25.0,72.39257704138916,8.0,12.0,9.747899159663865,8.504166666666666,10.326345839988536,16.981089623605392,14.833075751464708,0.0,<50,0.06144393241167445,0.15207373271889413,0.22542242703533022,0.14861751152073732,0.14362519201228885,0.0,True,False
2026-01-29,1,002605.SZ,姚记科技,shared,880692.SH,短剧游戏,880692.SH,82.08706072266239,82.08706072266239,0.0,4.800000000000001,5.301204819277109,8.994186046511627,28.0,15.384189675518932,14.607480181354715,5.0,80-<90,-0.03058560238716901,-0.06079820962327487,-0.036926519955240544,-0.04513241327862727,-0.008205893323386726,-0.03431555389779928,False,True
2026-01-29,2,000676.SZ,智度股份,shared,880958.SH,AI营销,880958.SH,79.17003954240882,79.17003954240882,0.0,12.0,4.285714285714286,8.047619047619047,28.0,15.061926855711327,11.774779353364158,0.0,70-<80,-0.023858921161825752,-0.0134854771784233,0.005186721991701226,-0.011410788381742809,-0.007261410788381717,-0.04253112033195017,False,True
2026-01-29,3,000888.SZ,峨眉山Ａ,shared,880564.SH,白酒概念,880564.SH,45.0,62.7730403696827,0.0,9.600000000000001,4.680851063829787,6.09375,8.581075526407576,13.973559300296891,14.843804479148439,5.0,<50,0.010159651669085612,-0.0036284470246733536,-0.005079825834542695,0.03265602322206096,0.015239477503628418,-0.00943396226415083,False,False
2026-01-29,4,300770.SZ,新媒股份,shared,880692.SH,短剧游戏,880692.SH,35.0,61.056429830325,0.0,4.800000000000001,7.469879518072289,9.296511627906977,5.817923032958288,13.672115651387443,15.0,5.0,<50,-0.002394427514148867,-0.020461471484545024,-0.0013060513713538668,-0.010666086199390357,0.010013060513713645,-0.013278188942098423,False,False
2026-01-29,5,600257.SH,大湖股份,shared,880564.SH,白酒概念,880564.SH,25.0,47.37743046499627,0.0,9.600000000000001,3.1914893617021276,2.5729166666666665,5.968346203132795,16.098194428519875,9.946483804974804,0.0,<50,-0.0026990553306343035,-0.03238866396761142,-0.029689608636977005,-0.04048582995951411,0.0161943319838056,-0.026990553306342813,False,False
2026-01-30,1,600097.SH,开创国际,shared,880903.SH,水产品,880903.SH,81.7794195273503,81.7794195273503,0.0,9.600000000000001,8.181818181818182,6.5,25.83790744974278,12.40143163099399,14.258262264795345,5.0,80-<90,-0.034146341463414664,-0.030081300813008194,-0.003252032520325243,-0.0008130081300814496,-0.011382113821138296,-0.04146341463414649,False,True
2026-01-30,2,002643.SZ,万润股份,shared,880670.SH,光通信,880670.SH,25.0,54.19186617579555,0.0,4.800000000000001,6.6438356164383565,4.819727891156463,6.858471326842108,16.06983134135863,15.0,0.0,<50,-0.059098888238736214,-0.0210649502633119,-0.016383850204798156,-0.043300175541252095,-0.0052662375658280025,-0.06026916325336462,False,True
2026-01-30,3,300456.SZ,赛微电子,shared,880656.SH,CPO概念,880656.SH,25.0,58.16131969215507,0.0,7.199999999999999,7.564766839378239,9.917525773195877,1.8490216201306549,11.630005459450299,15.0,5.0,<50,-0.009567546880979716,0.06735553004209738,0.057213930348258835,-0.03903559127439726,0.033295063145809545,-0.024110218140068862,True,False
2026-01-30,4,688312.SH,燕麦科技,shared,880656.SH,CPO概念,880656.SH,25.0,65.28974905262015,8.0,7.199999999999999,9.844559585492227,8.40979381443299,8.328260788938627,16.50713486375631,15.0,0.0,<50,-0.03397683397683393,0.14362934362934365,0.19974259974259967,0.28185328185328173,0.04015444015444003,-0.037837837837837784,True,True
2026-02-02,1,002879.SZ,长缆科技,shared,880520.SH,智能电网,880520.SH,91.46484578047132,91.46484578047132,0.0,9.600000000000001,8.95910780669145,8.952380952380953,28.0,15.953357021398915,15.0,5.0,90-100,0.014814814814814836,0.02824074074074079,-0.01157407407407407,0.03611111111111098,0.014814814814814836,-0.014351851851851949,False,False
2026-02-02,2,002028.SZ,思源电气,shared,880964.SH,特高压,880964.SH;880520.SH,88.61903018113954,94.61903018113954,6.0,12.0,6.96,11.452380952380953,28.0,17.0,14.206649228758586,5.0,80-<90,0.06650272639794719,0.07895862290174271,0.02844007270394533,0.07986742221747023,0.06971025339463277,-0.01047792152250615,True,False
2026-02-02,3,002533.SZ,金杯电工,shared,880964.SH,特高压,880964.SH;880520.SH,84.51696818758103,94.51696818758103,10.0,12.0,8.88,10.833333333333332,28.0,15.672866012836305,14.130768841411392,5.0,80-<90,0.021536252692031743,0.03732950466618812,-0.012921751615218913,0.02081837760229721,0.023689877961234673,-0.006460875807609456,False,False
2026-02-02,4,600995.SH,南网储能,shared,880630.SH,虚拟电厂,880630.SH,81.56378134771516,87.56378134771516,6.0,4.800000000000001,9.013157894736842,11.895424836601308,28.0,15.553680732439567,13.301517883937446,5.0,80-<90,0.020000000000000018,0.0035714285714285587,-0.04500000000000004,-0.04357142857142848,0.02285714285714291,-0.00642857142857145,False,False
2026-02-02,5,300444.SZ,双杰电气,shared,880630.SH,虚拟电厂,880520.SH;880630.SH,45.0,86.2836435349182,8.0,4.800000000000001,10.0,12.277777777777779,27.20586575714042,17.0,15.0,0.0,<50,0.04365079365079372,0.04828042328042326,-0.020502645502645467,0.0092592592592593,0.08399470899470907,-0.02910052910052907,True,False
2026-02-03,1,688503.SH,聚和材料,shared,880684.SH,BC电池,880684.SH;880638.SH;880737.SH,82.8935039028431,90.8935039028431,8.0,12.0,8.16326530612245,8.71,28.0,14.995012707100939,14.025225889619698,5.0,80-<90,0.0015337423312884457,-0.04281697341513291,-0.049591002044989674,0.16347137014314939,0.009458077709611601,-0.02862985685071573,False,False
2026-02-03,2,301360.SZ,荣旗科技,shared,880655.SH,钙钛矿电池,880655.SH,79.25672457696487,83.25672457696487,4.0,7.199999999999999,6.086956521739131,6.782608695652174,28.0,15.43745543618563,14.749703923387944,5.0,70-<80,-0.008784425451092037,-0.0302706552706552,-0.01602564102564097,0.005935422602089346,0.00011870845204176028,-0.024335232668565965,False,False
2026-02-03,3,688102.SH,斯瑞新材,shared,880656.SH,CPO概念,880656.SH,77.22539176532271,77.22539176532271,0.0,2.4000000000000004,6.082474226804123,8.577319587628867,28.0,13.163735550386466,14.001862400503253,5.0,70-<80,-0.06368821292775662,-0.058697718631178675,-0.07984790874524716,-0.06392585551330798,-0.011882129277566489,-0.07295627376425862,False,True
2026-02-03,4,688669.SH,聚石化学,shared,880655.SH,钙钛矿电池,880655.SH,76.73475255887823,76.73475255887823,0.0,7.199999999999999,3.5869565217391304,6.358695652173913,25.58145191873263,14.65661904699551,14.35102941923705,5.0,70-<80,0.015325670498084198,-0.02605363984674325,-0.018007662835249127,0.004214559386973127,0.03831417624521083,-0.014176245210728022,True,False
2026-02-03,5,688611.SH,杭州柯林,shared,880655.SH,钙钛矿电池,880655.SH,45.0,75.32269993222053,0.0,7.199999999999999,2.5,3.6032608695652177,28.0,14.825919117477824,14.193519945177496,5.0,<50,-0.008538587848932577,-0.017077175697865377,-0.014285714285714235,-0.019540229885057436,0.01806239737274229,-0.019868637110016407,False,False
2026-02-04,1,002140.SZ,东华科技,shared,880549.SH,可燃冰,880549.SH,85.69113246036437,85.69113246036437,0.0,12.0,6.25,4.604166666666666,28.0,15.597735637688492,14.239230156009214,5.0,80-<90,-0.0350039777247414,-0.059665871121718395,-0.041368337311058045,-0.05727923627684972,0.02386634844868718,-0.0365950676213207,False,True
2026-02-04,2,300320.SZ,海达股份,shared,880655.SH,钙钛矿电池,880655.SH,77.19089746860892,77.19089746860892,0.0,2.4000000000000004,6.521739130434782,5.298913043478262,28.0,14.970245294695882,15.0,5.0,70-<80,0.018357487922705307,0.03864734299516903,0.04541062801932383,0.07149758454106281,0.03864734299516903,-0.01449275362318847,True,False
2026-02-04,3,000725.SZ,京东方Ａ,shared,880655.SH,钙钛矿电池,880655.SH,73.38724124821731,73.38724124821731,0.0,2.4000000000000004,4.673913043478261,7.983695652173913,28.0,13.322878699719686,12.006753852845442,5.0,70-<80,0.004555808656036442,-0.004555808656036331,-0.009111617312072884,-0.0227790432801821,0.004555808656036442,-0.011389521640091105,False,False
2026-02-04,4,000852.SZ,石化机械,shared,880549.SH,可燃冰,880549.SH,58.69991401622244,62.69991401622244,4.0,12.0,7.5,8.9375,11.308304279122853,16.29969638045022,6.654413356649371,0.0,50-<60,-0.032412965186074394,-0.032412965186074394,-0.03721488595438183,-0.0456182472989195,-0.007202881152461038,-0.038415366146458574,False,True
2026-02-06,1,600160.SH,巨化股份,shared,880714.SH,氟概念,880714.SH;880604.SH,86.99099042465824,86.99099042465824,0.0,9.600000000000001,8.125,10.2,25.088075499824967,13.977914924833268,15.0,5.0,80-<90,0.005852417302799173,0.01450381679389312,0.015776081424936583,-0.01246819338422378,0.010687022900763399,-0.01119592875318065,False,False
2026-02-06,2,002250.SZ,联化科技,shared,880714.SH,氟概念,880714.SH,80.86159967056372,80.86159967056372,0.0,9.600000000000001,7.1875,8.6,28.0,15.615101951160035,11.858997719403689,0.0,80-<90,0.01647727272727262,0.02670454545454537,0.02840909090909083,0.006249999999999867,0.026136363636363402,-0.01363636363636378,False,False
2026-02-06,3,002886.SZ,沃特股份,shared,880740.SH,新型烟草,880740.SH,58.10363821725952,58.10363821725952,0.0,4.800000000000001,8.703703703703704,8.036363636363637,7.933845685369856,13.629725191822327,15.0,0.0,50-<60,0.00961958898119808,0.007433318758198526,0.0682116309575862,0.05728027984258843,0.02098819414079589,-0.003060778312199419,False,False
2026-02-06,4,002010.SZ,传化智联,shared,880706.SH,分散染料,880706.SH,47.74714874213691,53.74714874213691,6.0,12.0,1.0526315789473684,5.131578947368421,2.114998252645131,13.44793996317599,15.0,5.0,<50,0.026234567901234573,0.026234567901234573,0.020061728395061706,0.012345679012345512,0.030864197530864113,0.0092592592592593,True,False
2026-02-06,5,002240.SZ,盛新锂能,shared,880761.SH,锂矿,880761.SH,45.0,70.67238338699843,4.0,2.4000000000000004,9.791666666666666,11.18,18.313883518877653,13.986833201454116,15.0,0.0,<50,-0.0021959923140268955,-0.023606917375789127,0.027175404886083054,0.07493823771616781,0.024704913532802575,-0.011803458687894564,False,False
2026-02-09,1,000620.SZ,盈新发展,shared,880692.SH,短剧游戏,880692.SH,84.82339839961682,84.82339839961682,0.0,9.600000000000001,5.813953488372093,8.087209302325581,28.0,13.32223560891914,15.0,5.0,80-<90,-0.03273809523809523,-0.044642857142857095,-0.05357142857142849,-0.05952380952380942,-0.0029761904761904656,-0.038690476190476164,False,True
2026-02-09,2,002056.SZ,横店东磁,shared,880684.SH,BC电池,880684.SH,71.92915762260178,71.92915762260178,0.0,7.199999999999999,5.0,5.07,28.0,12.563944412284656,14.095213210317127,0.0,70-<80,0.0034364261168384758,0.010309278350515427,0.02356406480117812,0.01178203240058906,0.01227295041728027,-0.004909180166912219,False,False
2026-02-09,3,601949.SH,中国出版,shared,880668.SH,知识付费,880668.SH,67.94423613362414,67.94423613362414,0.0,2.4000000000000004,5.238095238095238,7.428571428571429,28.0,14.08301684938835,10.79455261756913,0.0,60-<70,0.05096418732782371,0.004132231404958775,-0.012396694214875992,-0.023415977961432466,0.06749311294765836,0.015151515151515138,True,False
2026-02-09,4,688559.SH,海目星,shared,880684.SH,BC电池,880684.SH,67.22105487790748,73.22105487790748,6.0,7.199999999999999,3.0,4.16,28.0,13.332535736804196,12.52851914110328,5.0,60-<70,-0.0036325895173845435,-0.02179553710430726,-0.0001729804532089041,-0.004151530877010923,0.012281612177823975,-0.01141670991178001,False,False
2026-02-09,5,300093.SZ,金刚光伏,shared,880737.SH,HJT电池,880737.SH,65.60500923638438,65.60500923638438,0.0,4.800000000000001,5.254237288135593,5.9491525423728815,28.0,15.95620188108585,5.645417524790058,0.0,60-<70,-0.023974427277570598,-0.034629728289824135,-0.06766116142781031,-0.07831646244006385,0.002663825253063523,-0.023974427277570598,False,False
2026-02-10,1,300058.SZ,蓝色光标,shared,880692.SH,短剧游戏,880692.SH;880590.SH;880621.SH,75.50657534400493,81.50657534400493,6.0,9.600000000000001,0.47058823529411764,8.162790697674419,28.0,15.533016315980284,14.740180095056104,5.0,70-<80,-0.03567787971457692,0.02752293577981657,-0.031600407747196746,-0.0825688073394496,0.005606523955147713,-0.04638124362895002,False,True
2026-02-10,2,601811.SH,新华文轩,shared,880959.SH,知识产权,880959.SH,71.13233380946903,77.13233380946903,6.0,7.199999999999999,3.6,4.16,28.0,14.172333809469027,15.0,5.0,70-<80,-0.014502307185234042,-0.043506921555702016,-0.06262359920896499,-0.06723796967699402,0.004614370468029039,-0.03361898483849701,False,True
2026-02-10,3,002141.SZ,贤丰控股,shared,880590.SH,网络游戏,880590.SH,70.11866539120908,76.11866539120908,6.0,4.800000000000001,6.2,5.341584158415841,28.0,12.13436407325186,14.64271715954138,5.0,70-<80,-0.010000000000000009,-0.02749999999999997,-0.040000000000000036,0.0,0.004999999999999893,-0.020000000000000018,False,False
2026-02-10,4,600892.SH,大晟文化,shared,880692.SH,短剧游戏,880692.SH;880590.SH,57.9585557382551,57.9585557382551,0.0,9.600000000000001,2.9411764705882355,2.7209302325581395,8.426070725723681,14.270378309385045,15.0,5.0,50-<60,0.002624671916010346,0.0,0.007874015748031482,0.02887139107611536,0.007874015748031482,-0.013123359580052618,False,False
2026-02-11,1,603799.SH,华友钴业,shared,880505.SH,稀缺资源,880899.SH;880505.SH;880612.SH;880761.SH,79.8618577349876,83.8618577349876,4.0,9.600000000000001,8.88888888888889,11.968253968253968,28.0,12.803828681301454,12.600886196543287,0.0,70-<80,0.024539877300613577,-0.011588275391956282,0.0009543285616906427,0.04812542603953651,0.046489434219495696,0.012678936605317048,True,False
2026-02-11,2,600108.SH,亚盛集团,shared,880505.SH,稀缺资源,880505.SH,78.75370746731552,78.75370746731552,0.0,9.600000000000001,4.285714285714286,3.507936507936508,28.0,13.360056673664733,15.0,5.0,70-<80,-0.017094017094017033,-0.03703703703703698,0.002849002849002913,0.028490028490028463,-0.002849002849002802,-0.02564102564102555,False,False
2026-02-11,3,603568.SH,伟明环保,shared,880612.SH,镍金属,880612.SH,78.15583044247929,78.15583044247929,0.0,7.199999999999999,8.636363636363637,6.5,21.6138220141912,14.443744565964444,14.76190022596001,5.0,70-<80,0.012017479970866551,0.007283321194464731,0.02694828841951935,0.018572469045884832,0.027312454479242465,0.0010924981791695654,False,False
2026-02-11,4,600389.SH,江山股份,shared,880715.SH,磷概念,880715.SH,78.00735541261513,78.00735541261513,0.0,2.4000000000000004,7.543859649122807,8.096491228070175,28.0,11.967004535422141,15.0,5.0,70-<80,0.0058662495111458934,-0.009385999217833452,0.07626124364489639,0.1153695737192022,0.019945248337895904,-0.014470082127493233,False,False
2026-02-11,5,002237.SZ,恒邦股份,shared,880715.SH,磷概念,880505.SH;880715.SH,69.7033689803982,75.7033689803982,6.0,2.4000000000000004,5.2631578947368425,5.473684210526316,28.0,14.56652687513503,15.0,5.0,60-<70,-0.009184845005740572,-0.029850746268656914,0.017221584385763267,0.03157290470723284,0.012055109070034264,-0.012629161882893314,False,False
2026-02-12,1,688261.SH,东微半导,shared,880685.SH,液冷服务器,880685.SH,86.61780560807694,90.61780560807694,4.0,12.0,9.027777777777779,8.764705882352942,28.0,12.825321947946211,15.0,5.0,80-<90,0.03121387283236987,0.0031529164477142047,0.06463478717813964,0.05959012086179705,0.06022070415133984,-0.017341040462427793,True,False
2026-02-12,2,300726.SZ,宏达电子,shared,880656.SH,CPO概念,880656.SH,84.60636909360775,84.60636909360775,0.0,9.600000000000001,7.938144329896907,8.074742268041238,28.0,12.629784950683053,13.363697544986547,5.0,80-<90,-0.028344895936570857,0.023191278493557954,0.03865213082259644,0.060257680872150665,-0.0029732408325074955,-0.030525272547076487,False,True
2026-02-12,3,300975.SZ,商络电子,shared,880685.SH,液冷服务器,880685.SH,84.0527242796224,84.0527242796224,0.0,12.0,4.398148148148148,4.0588235294117645,28.0,15.595752602062483,15.0,5.0,80-<90,-0.01049868766404205,0.028215223097112885,0.030183727034120755,0.038713910761154935,0.015748031496062964,-0.015748031496062964,False,False
2026-02-12,4,300101.SZ,振芯科技,shared,880656.SH,CPO概念,880656.SH,82.64397779417222,82.64397779417222,0.0,9.600000000000001,6.804123711340206,7.036082474226804,26.29509587613589,12.90867573246932,15.0,5.0,80-<90,-0.06136680613668055,-0.06589958158995823,-0.04637377963737788,-0.05230125523012552,-0.002789400278939924,-0.06276150627615062,False,True
2026-02-12,5,688031.SH,星环科技-U,shared,880674.SH,英伟达概念,880674.SH,80.80677413907047,84.80677413907047,4.0,7.199999999999999,8.295454545454545,7.903409090909091,28.0,13.830855851088906,14.577054651617923,5.0,80-<90,0.09210526315789469,0.00252631578947371,0.16842105263157903,0.18842105263157904,0.13610526315789473,-0.016421052631579003,True,False
2026-02-13,1,002592.SZ,ST八菱,shared,880516.SH,ST板块,880516.SH,85.24349505461066,85.24349505461066,0.0,4.800000000000001,9.502487562189055,9.780373831775702,28.0,14.253432389706777,13.907201270939124,5.0,80-<90,-0.013500482160077043,-0.014464802314368197,-0.02121504339440683,-0.07810993249758913,0.019286403085824633,-0.020250723240115676,False,False
2026-02-13,2,600889.SH,*ST京化,shared,880516.SH,ST板块,880516.SH,45.0,67.16655880747273,0.0,4.800000000000001,8.457711442786069,8.960280373831775,14.76163661579147,11.996190428183795,13.190739946879617,5.0,<50,0.02574850299401188,0.0880239520958086,0.07305389221556902,0.020958083832335328,0.059281437125748626,0.016167664670658555,True,False
2026-02-24,1,300228.SZ,富瑞特装,shared,880549.SH,可燃冰,880549.SH;880553.SH,83.9612391229805,87.9612391229805,4.0,12.0,5.217391304347826,8.9375,28.0,13.915381840368667,14.890965978264012,5.0,80-<90,0.005591798695246952,0.02329916123019582,0.03727865796831309,0.19384902143522842,0.011183597390493905,-0.005591798695247063,False,False
2026-02-24,2,002046.SZ,国机精工,shared,880754.SH,培育钻石,880754.SH,78.09041347519748,78.09041347519748,0.0,7.199999999999999,3.888888888888889,6.138888888888889,28.0,14.56786847874155,13.294767218678146,5.0,70-<80,0.015768165352652908,0.0183251651395695,0.12017898998508425,0.05668016194331993,0.030044747496271063,-0.017898998508416697,True,False
2026-02-24,3,301021.SZ,英诺激光,shared,880754.SH,培育钻石,880754.SH,74.8598380833947,78.8598380833947,4.0,7.199999999999999,6.111111111111111,5.416666666666666,28.0,14.625537230279816,12.506523075337116,5.0,70-<80,-0.017377838953888447,0.019786648313833588,0.045079146593255404,-0.0015485203028217098,0.009635237439779898,-0.03423950447350299,False,True
2026-02-24,4,000713.SZ,国投丰乐,shared,880715.SH,磷概念,880715.SH;880910.SH,64.55788074932364,64.55788074932364,0.0,4.800000000000001,1.4035087719298245,3.192982456140351,28.0,7.1613895212534615,15.0,5.0,60-<70,0.01751824817518255,0.014598540145985384,0.02481751824817513,0.03795620437956204,0.03065693430656924,0.0,True,False
2026-02-24,5,000852.SZ,石化机械,shared,880549.SH,可燃冰,880549.SH;880553.SH,45.0,66.17361724452148,4.0,12.0,4.3478260869565215,9.208333333333334,11.426913639894641,14.190544184336982,15.0,0.0,<50,0.004944375772558907,-0.0012360939431396156,0.03584672435105074,0.11001236093943145,0.016069221260816002,-0.008652657601977753,False,False
2026-02-26,1,300227.SZ,光韵达,shared,880550.SH,PCB概念,880670.SH;880550.SH,35.0,60.042523749932286,4.0,4.800000000000001,8.22429906542056,7.364678899082569,13.593978608738416,17.0,9.059567176690743,0.0,<50,0.005235602094240788,-0.03889304412864625,-0.10246821241585635,-0.008975317875841382,0.008227374719521396,-0.01645474943904257,False,False
2026-02-26,2,301172.SZ,君逸数码,shared,880656.SH,CPO概念,880656.SH;880670.SH,25.0,64.43682946899354,4.0,12.0,8.848167539267015,6.935567010309279,8.271796749413861,17.0,11.381298170003381,0.0,<50,-0.04079634464751958,-0.08453002610966054,-0.118798955613577,-0.11847258485639678,-0.02088772845953002,-0.051892950391644876,False,True
2026-02-26,3,603220.SH,中贝通信,shared,880656.SH,CPO概念,880656.SH;880670.SH,25.0,52.79176255229473,8.0,12.0,9.267015706806284,10.855670103092784,4.42048113831085,16.248595604084812,0.0,0.0,<50,0.025830258302582898,-0.0033210332103320583,-0.057564575645756566,-0.04833948339483407,0.04649446494464926,-0.02656826568265691,True,False
2026-03-02,1,600316.SH,洪都航空,shared,880914.SH,军贸概念,880914.SH,81.34411067835849,81.34411067835849,0.0,7.199999999999999,4.8,6.5,28.0,14.84411067835849,15.0,5.0,80-<90,-0.08131208131208123,-0.03395703395703398,-0.04735504735504725,-0.04134904134904138,0.006237006237006293,-0.08523908523908519,False,True
2026-03-02,2,605599.SH,菜百股份,shared,880521.SH,黄金概念,880521.SH,71.35805992664311,75.35805992664311,4.0,2.4000000000000004,7.5,5.697530864197531,28.0,17.0,14.760529062445578,0.0,70-<80,-0.08519500189322227,-0.0988262021961378,-0.10147671336614916,-0.07383566830745925,-0.024233244982960978,-0.0886028019689511,False,True
2026-03-02,3,002683.SZ,广东宏大,shared,880914.SH,军贸概念,880914.SH,60.39280944178104,60.39280944178104,0.0,7.199999999999999,3.6,5.46,10.845071558306026,13.450292522319707,14.837445361155307,5.0,60-<70,-0.03791469194312802,-0.04450855141149812,-0.030908716257984747,-0.017720997321244547,-0.005151452709664106,-0.03812075005151461,False,True
2026-03-05,1,300219.SZ,鸿利智汇,shared,880629.SH,MicroLED,880629.SH;880547.SH;880725.SH,72.57478021725366,80.57478021725366,8.0,12.0,8.666666666666666,11.142857142857142,13.015628595962886,16.823443973491745,13.926183838275225,5.0,70-<80,-0.04833141542002306,-0.0598388952819332,-0.04718066743383198,-0.04602991944764101,-0.00460299194476399,-0.06098964326812417,False,True
2026-03-05,2,300504.SZ,天邑股份,shared,880965.SH,超清视频,880965.SH,66.62746057299441,72.62746057299441,6.0,2.4000000000000004,6.966292134831461,7.630434782608695,28.0,15.565831020731812,12.064902634822445,0.0,60-<70,-0.011271133375078346,-0.019411396368190337,0.008140262993112213,0.14464621164683789,0.003130870381966133,-0.02254226675015658,False,False
2026-03-05,3,688328.SH,深科达,shared,880767.SH,电子纸,880725.SH;880767.SH,52.35085470107329,60.35085470107329,8.0,4.800000000000001,9.545454545454545,9.159090909090908,1.0772927219167137,15.769016524611121,15.0,5.0,50-<60,0.11033519553072635,0.18156424581005592,0.2184357541899442,0.27206703910614527,0.13854748603351963,-0.03631284916201105,True,True
2026-03-05,4,300480.SZ,光力科技,shared,880547.SH,玻璃基板,880547.SH,35.0,67.22452996640645,8.0,9.600000000000001,9.272727272727273,8.627272727272729,2.724529966406442,17.0,15.0,5.0,<50,0.1152403682236618,0.1114899420388682,0.14081145584725552,0.0835322195704058,0.13262870780770553,-0.03511762700306842,True,True
2026-03-05,5,301555.SZ,惠柏新材,shared,880629.SH,MicroLED,880629.SH;880725.SH,25.0,61.61274209832851,4.0,12.0,6.4,5.402597402597403,7.346366984846472,15.463777710884639,15.0,0.0,<50,0.024487623103540024,0.022092094756454683,0.05722651051370775,0.0713335107798776,0.028746340165025197,-0.011445302102741528,False,False
2026-03-06,1,003042.SZ,中农联合,shared,880797.SH,虫害防治,880797.SH;880910.SH,84.99925117983852,84.99925117983852,0.0,12.0,5.151515151515151,7.287878787878788,28.0,14.018658159059404,13.541199081385187,5.0,80-<90,-0.019118428040361124,-0.013807753584705207,-0.01593202336696742,-0.02549123738714798,0.0074349442379182396,-0.019649495485926538,False,False
2026-03-06,2,600500.SH,中化国际,shared,880797.SH,虫害防治,880797.SH;880741.SH,81.66237948327077,85.66237948327077,4.0,12.0,8.181818181818182,10.636363636363637,28.0,16.106800213612313,10.737397451476633,0.0,80-<90,-0.012526096033402823,-0.04384133611691021,0.0,0.02713987473903967,0.029227557411273475,-0.022964509394572064,False,False
2026-03-06,3,605016.SH,百龙创园,shared,880741.SH,代糖概念,880741.SH,69.89071151150038,69.89071151150038,0.0,2.4000000000000004,6.521739130434782,7.630434782608695,21.809544680947923,13.453070114994524,13.075922802514464,5.0,60-<70,-0.010856453558504175,-0.007639726578206774,-0.004825090470446325,-0.023321270607157274,0.009248090068355364,-0.0140731805388018,False,False
2026-03-06,4,002004.SZ,华邦健康,shared,880910.SH,草甘膦,880797.SH;880910.SH,45.0,68.09015364458776,0.0,7.199999999999999,5.0,5.6875,18.2732953730917,13.813702634829127,13.115655636666926,5.0,<50,-0.01978417266187038,-0.021582733812949506,-0.017985611510791255,0.0125899280575541,0.003597122302158251,-0.03237410071942437,False,True
2026-03-06,5,001231.SZ,农心科技,shared,880797.SH,虫害防治,880797.SH,25.0,79.44735681239406,0.0,12.0,5.454545454545454,6.303030303030303,28.0,13.916556416190005,13.7732246386283,0.0,<50,-0.011345852895148667,0.009780907668231587,0.0,-0.007042253521126751,0.010954616588419341,-0.023474178403755763,False,False
2026-03-09,1,300017.SZ,网宿科技,shared,880669.SH,算力租赁,880669.SH;880545.SH,89.36181257639946,97.36181257639946,8.0,12.0,9.65,12.327586206896552,28.0,15.384226369502905,15.0,5.0,80-<90,0.017973040439341004,-0.03245132301547693,-0.0474288567149278,-0.13080379430853728,0.07239141288067885,-0.03145282076884681,True,True
2026-03-09,2,300383.SZ,光环新网,shared,880669.SH,算力租赁,880669.SH;880545.SH,87.50641168600302,91.50641168600302,4.0,12.0,8.5,10.66256157635468,28.0,12.343850109648335,15.0,5.0,80-<90,0.02909550917141046,0.044908285895003175,0.03984819734345346,-0.0278304870335232,0.06261859582542706,-0.005060088551549602,True,False
2026-03-09,3,300738.SZ,奥飞数据,shared,880669.SH,算力租赁,880669.SH;880579.SH;880545.SH,86.55593349758415,94.55593349758415,8.0,12.0,8.95,10.950738916256158,28.0,14.655194581327988,15.0,5.0,80-<90,0.02015316404675538,0.00765820233776715,0.01249496170898845,-0.057234985892785084,0.03345425231761401,-0.018540910923014797,True,False
2026-03-09,4,603881.SH,数据港,shared,880545.SH,云计算,880545.SH,81.5154224806326,81.5154224806326,0.0,2.4000000000000004,8.484848484848484,10.66256157635468,28.0,12.580971459492284,14.38704095993715,5.0,80-<90,0.040494346568498596,0.015777018143570798,-0.005259006047857007,-0.058637917433605136,0.04364975019721262,-0.005521956350249879,True,False
2026-03-09,5,300170.SZ,汉得信息,shared,880555.SH,财税数字化,880555.SH;880579.SH;880545.SH,79.63803913737837,87.63803913737837,8.0,9.600000000000001,9.692307692307692,12.803030303030303,28.0,14.262832611567076,13.279868530473296,0.0,70-<80,-0.007468259895444418,-0.04406273338312172,-0.023525018670649822,-0.1385362210604929,0.057879014189693656,-0.03808812546676621,True,True
2026-03-10,1,300394.SZ,天孚通信,shared,880656.SH,CPO概念,880656.SH;880670.SH;880635.SH,88.67246451125385,96.67246451125385,8.0,12.0,9.319371727748692,10.353092783505154,28.0,17.0,15.0,5.0,80-<90,-0.027843045112782017,-0.01891447368421051,-0.04546522556390986,-0.17763157894736847,0.01163063909774431,-0.03283599624060152,False,True
2026-03-10,2,300395.SZ,菲利华,shared,880670.SH,光通信,880670.SH;880550.SH,84.61577596494566,88.61577596494566,4.0,9.600000000000001,7.054794520547945,9.064625850340136,28.0,16.77460985248654,13.12174574157103,5.0,80-<90,-0.0050220264317180074,-0.006255506607929506,0.0035242290748900285,-0.03656387665198246,0.042555066079295045,-0.010572687224669641,True,False
2026-03-10,3,300852.SZ,四会富仕,shared,880656.SH,CPO概念,880656.SH;880550.SH,84.32075218743078,88.32075218743078,4.0,12.0,8.010471204188482,5.394329896907216,28.0,15.736018123247373,14.179932963087719,5.0,80-<90,0.0013905442987682815,-0.02284465633690913,-0.014501390544298887,-0.0782677791021058,0.01787842669845041,-0.016090584028605526,False,False
2026-03-10,4,301566.SZ,达利凯普,shared,880670.SH,光通信,880670.SH,81.36801424092594,85.36801424092594,4.0,9.600000000000001,6.8493150684931505,5.7482993197278915,28.0,15.612521938534538,14.557877914170358,5.0,80-<90,-0.01983471074380172,-0.058677685950413117,-0.08512396694214874,-0.06776859504132238,0.020247933884297575,-0.023966942148760273,False,False
2026-03-10,5,603002.SH,宏昌电子,shared,880635.SH,先进封装,880550.SH;880635.SH,77.7828117738381,81.7828117738381,4.0,2.4000000000000004,8.201058201058201,8.013227513227513,28.0,16.74670209222132,13.421823967331076,5.0,70-<80,-0.0018552875695732052,-0.01855287569573283,-0.008348794063079756,-0.03710575139146555,0.032467532467532534,-0.004638218923933124,True,False
2026-03-11,1,600596.SH,新安股份,shared,880715.SH,磷概念,880715.SH;880910.SH,87.91802528849136,87.91802528849136,0.0,12.0,7.192982456140351,8.666666666666666,26.189921735230847,13.868454430453502,15.0,5.0,80-<90,0.023628048780487854,0.0007621951219514145,-0.046493902439024404,-0.08536585365853655,0.03582317073170738,-0.01143292682926822,True,False
2026-03-11,2,603612.SH,索通发展,shared,880742.SH,固态电池,880742.SH,79.47184786091948,79.47184786091948,0.0,2.4000000000000004,6.843971631205674,7.527491408934708,28.0,15.084009533922114,14.616375286856982,5.0,70-<80,0.05588510771152033,0.07055885107711513,0.018108023727755107,-0.09116453325007812,0.08804246019356854,-0.008741804558226707,True,False
2026-03-11,3,002237.SZ,恒邦股份,shared,880715.SH,磷概念,880715.SH;880618.SH,77.98500073429429,77.98500073429429,0.0,12.0,1.2280701754385965,3.192982456140351,28.0,13.87704147329547,14.686906629419877,5.0,70-<80,-0.01197946377638337,-0.04221334854535097,-0.07358813462635494,-0.08100399315459217,0.0028522532800911993,-0.02110667427267543,False,False
2026-03-11,4,002597.SZ,金禾实业,shared,880742.SH,固态电池,880742.SH,66.38033204192087,66.38033204192087,0.0,2.4000000000000004,7.056737588652482,3.529209621993127,20.48434971103988,13.956522046400366,13.953513073835005,5.0,60-<70,-0.027184466019417486,-0.008932038834951528,-0.04893203883495156,-0.0807766990291261,0.004271844660194146,-0.029126213592232997,False,False
2026-03-11,5,600141.SH,兴发集团,shared,880910.SH,草甘膦,880715.SH;880910.SH;880618.SH;880742.SH,58.714427706620704,58.714427706620704,0.0,9.600000000000001,5.625,9.34375,0.7339661534282094,13.411711553192495,15.0,5.0,50-<60,0.022301064368981383,0.03345159655347185,-0.05448555499239738,-0.12062848454130759,0.03725291434363909,-0.0225544855549924,True,False
2026-03-12,1,000761.SZ,本钢板材,shared,880753.SH,绿色电力,880753.SH,73.1093555077261,73.1093555077261,0.0,2.4000000000000004,7.2592592592592595,4.882926829268293,28.0,12.584578699295523,12.98259071990302,5.0,70-<80,0.01939058171745156,-0.03601108033240996,-0.024930747922437657,-0.08310249307479223,0.047091412742382266,-0.005540166204986208,True,False
2026-03-12,2,688548.SH,广钢气体,shared,880734.SH,工业气体,880734.SH,68.39707350234521,72.39707350234521,4.0,9.600000000000001,8.928571428571429,10.446428571428573,11.422073502345208,17.0,15.0,0.0,60-<70,-0.034782608695652084,-0.07523629489603023,-0.11568998109640827,-0.10170132325141767,0.059357277882797765,-0.04612476370510388,True,True
2026-03-12,3,600508.SH,上海能源,shared,880627.SH,超临界发电,880627.SH,67.53020050986416,71.53020050986416,4.0,4.800000000000001,9.176470588235293,7.558139534883721,28.0,16.735307713031897,5.260282673713249,0.0,60-<70,-0.012884753042233466,-0.0365068002863278,-0.05153901216893342,-0.057981388690050095,0.012884753042233354,-0.019327129563350143,False,False
2026-03-12,4,688106.SH,金宏气体,shared,880734.SH,工业气体,880734.SH,61.97691471161038,69.97691471161038,8.0,9.600000000000001,10.0,12.767857142857142,0.6090575687532361,17.0,15.0,5.0,60-<70,0.017208413001912115,0.08183556405353731,0.04282982791587009,0.06271510516252388,0.09560229445506696,-0.01873804971319304,True,False
2026-03-13,1,002170.SZ,芭田股份,shared,880618.SH,化肥概念,880618.SH;880715.SH,81.16927613894491,87.16927613894491,6.0,12.0,8.461538461538462,11.156716417910449,21.260176108693422,15.98711477538549,13.30373037541709,5.0,80-<90,-0.035027472527472514,-0.05906593406593419,-0.07074175824175832,-0.12774725274725285,0.021291208791208716,-0.04120879120879117,False,True
2026-03-13,2,002895.SZ,川恒股份,shared,880618.SH,化肥概念,880618.SH;880715.SH;880761.SH,78.11997952444418,84.11997952444418,6.0,12.0,8.0,10.186567164179104,28.0,15.50193494251376,10.431477417751305,0.0,70-<80,-0.037535410764872434,-0.08168083097261569,-0.09135977337110479,-0.14400377714825308,0.027620396600566588,-0.04627006610009443,False,True
2026-03-13,3,002785.SZ,万里石,shared,880761.SH,锂矿,880761.SH,76.81638275547938,76.81638275547938,0.0,7.199999999999999,6.4,4.16,28.0,12.419233531961059,13.63714922351832,5.0,70-<80,-0.01241534988713311,-0.03724604966139955,-0.03634311512415345,-0.10158013544018063,0.01670428893905207,-0.035440180586907455,False,True
2026-03-16,1,002041.SZ,登海种业,shared,880710.SH,种业,880710.SH,85.65623742690545,89.65623742690545,4.0,12.0,5.833333333333333,9.75,28.0,16.766661858385454,12.306242235186659,5.0,80-<90,-0.044962531223979973,-0.07243963363863437,-0.09825145711906746,-0.14071606994171515,0.01582014987510405,-0.04746044962531226,False,True
2026-03-16,2,920087.BJ,秋乐种业,shared,880710.SH,种业,880710.SH,80.2508787945464,84.2508787945464,4.0,12.0,8.333333333333334,5.958333333333334,28.0,15.444649386904583,14.51456274097514,0.0,80-<90,-0.03814432989690719,-0.08350515463917518,-0.10206185567010295,-0.2319587628865979,-0.008762886597938002,-0.05154639175257736,False,True
2026-03-16,3,920403.BJ,康农种业,shared,880710.SH,种业,880710.SH,79.65376129303412,87.65376129303412,8.0,12.0,9.166666666666666,7.583333333333333,28.0,16.278515459705698,14.625245833328425,0.0,70-<80,-0.005578281889178194,-0.053923391595388614,-0.05987355894384527,-0.2015619189289699,0.017850502045370087,-0.040535515061361105,False,True
2026-03-16,4,002119.SZ,康强电子,shared,880672.SH,存储芯片,880672.SH,75.72751753847749,75.72751753847749,0.0,7.199999999999999,8.272251308900524,10.731770833333332,28.0,11.75923715489726,9.764258241346363,0.0,70-<80,0.008493518104604192,0.018328118015198847,0.0026821636119802594,-0.10996870809119363,0.027715690657129866,-0.008493518104604414,False,False
2026-03-16,5,688545.SH,兴福电子,shared,880672.SH,存储芯片,880672.SH,73.75068990964054,73.75068990964054,0.0,7.199999999999999,6.806282722513089,5.213541666666666,23.52622663852709,11.004638881933694,15.0,5.0,70-<80,-0.03659476117103233,-0.021186440677966156,-0.07761941448382126,-0.14637904468412943,-0.00038520801232666546,-0.04892141756548529,False,True
2026-03-18,1,600589.SH,大位科技,shared,880669.SH,算力租赁,880669.SH;880545.SH,84.15890522213587,88.15890522213587,4.0,12.0,7.673267326732673,9.798029556650246,28.0,12.592447763130487,13.095160575622467,5.0,80-<90,0.021201413427561766,-0.08038869257950532,-0.13869257950530034,-0.01590106007067138,0.0406360424028267,-0.028268551236749095,True,False
2026-03-18,2,300449.SZ,汉邦高科,shared,880657.SH,数字水印,880657.SH,66.82704282484342,66.82704282484342,0.0,7.199999999999999,6.0,6.716666666666667,22.69457603375569,15.02684180402991,9.188958320391151,0.0,60-<70,-0.04363207547169823,-0.07547169811320764,-0.14268867924528317,-0.10966981132075482,-0.009433962264150941,-0.050707547169811296,False,True
2026-03-18,3,300442.SZ,润泽科技,shared,880669.SH,算力租赁,880669.SH,45.0,81.55514587780229,4.0,12.0,8.465346534653465,10.854679802955665,23.528188644139167,11.70693089605399,15.0,0.0,<50,0.032677482453112416,-0.010815786445748432,-0.01840984926935907,0.008514555287078673,0.0738695201933035,-0.032332297779312014,True,True
2026-03-18,4,002261.SZ,拓维信息,shared,880669.SH,算力租赁,880669.SH;880545.SH,25.0,68.97372256384585,0.0,12.0,7.128712871287129,10.02216748768473,5.462012943282958,17.0,12.360829261591043,5.0,<50,-0.02029804727646456,-0.08607399794450155,-0.11921891058581702,-0.08221993833504637,0.007965056526207492,-0.0364850976361768,False,True
2026-03-18,5,300408.SZ,三环集团,shared,880656.SH,CPO概念,880656.SH,25.0,67.79614201219799,6.0,4.800000000000001,4.22680412371134,9.850515463917525,28.0,11.198818928767594,9.720003495801526,0.0,<50,-0.002851541614685371,-0.028693637497772206,-0.08893245410800221,-0.00944573159864559,0.016574585635359185,-0.030119408305114947,False,True
2026-03-19,1,601857.SH,中国石油,shared,880553.SH,页岩气,880553.SH;880750.SH;880501.SH,90.29869796726788,94.29869796726788,4.0,9.600000000000001,8.222222222222221,12.566666666666666,28.0,16.068550159819992,14.84125891855901,5.0,90-100,-0.019230769230769273,-0.011217948717948789,-0.039262820512820484,-0.04326923076923084,-0.01041666666666674,-0.04647435897435903,False,True
2026-03-19,2,300157.SZ,新锦动力,shared,880553.SH,页岩气,880553.SH;880750.SH;880549.SH,88.03922007814671,92.03922007814671,4.0,9.600000000000001,8.444444444444445,10.977777777777778,28.0,15.016997855924483,15.0,5.0,80-<90,-0.10807291666666663,-0.140625,-0.11588541666666663,-0.140625,-0.05729166666666663,-0.12109375,False,True
2026-03-19,3,301158.SZ,德石股份,shared,880553.SH,页岩气,880553.SH;880750.SH,85.4767850562112,85.4767850562112,0.0,9.600000000000001,6.444444444444445,9.1,26.786361571441752,13.545979040325005,15.0,5.0,80-<90,-0.07137546468401479,-0.10855018587360588,-0.08921933085501854,-0.0851301115241635,-0.016728624535315983,-0.07286245353159837,False,True
2026-03-19,4,002207.SZ,*ST准油,shared,880549.SH,可燃冰,880553.SH;880750.SH;880549.SH,79.16365963276508,83.16365963276508,4.0,4.800000000000001,8.75,8.9375,28.0,12.676159632765073,15.0,5.0,70-<80,-0.0980392156862746,-0.11051693404634577,-0.13190730837789666,-0.13547237076648855,-0.048128342245989386,-0.09893048128342252,False,True
2026-03-19,5,600131.SH,国网信通,shared,880746.SH,国资云,880746.SH,76.94458706043312,80.94458706043312,4.0,12.0,9.2,10.66,12.844436466843215,16.240150593589906,15.0,5.0,70-<80,-0.05739210284664831,-0.08402203856749324,-0.0697887970615243,-0.11891643709825528,0.00045913682277309853,-0.058310376492194615,False,True
2026-03-20,1,600546.SH,山煤国际,shared,880737.SH,HJT电池,880737.SH,70.90281515591734,76.90281515591734,6.0,9.600000000000001,4.406779661016949,3.635593220338983,28.0,14.139270426481463,12.121171848079939,5.0,70-<80,0.00679694137638065,0.003398470688190436,-0.003398470688190214,0.004248088360238045,0.049277824978759543,-0.005947323704333041,True,False
2026-03-24,1,000504.SZ,南华生物,shared,880729.SH,CXO概念,880729.SH,35.0,57.310800213576215,6.0,7.199999999999999,2.8947368421052633,1.625,10.134433993648686,16.561119739413996,13.895509638408267,5.0,<50,-0.0030150753768843908,-0.014070351758793898,0.012060301507537785,0.011055276381909618,0.0201005025125629,-0.007035175879396838,False,False
2026-03-25,1,002281.SZ,光迅科技,shared,880670.SH,光通信,880670.SH;880656.SH,88.1055717910118,96.1055717910118,8.0,12.0,8.70748299319728,11.629251700680271,28.0,15.768837097134245,15.0,5.0,80-<90,-0.016772700983227362,-0.022556390977443663,0.01908617698091364,0.006130711393869337,0.02336610757663382,-0.02406015037593978,False,False
2026-03-25,2,002429.SZ,兆驰股份,shared,880670.SH,光通信,880670.SH;880656.SH,85.86557949489551,85.86557949489551,0.0,12.0,6.938775510204081,6.76530612244898,28.0,12.161497862242456,15.0,5.0,80-<90,-0.01632653061224487,-0.009183673469387754,-0.004081632653061273,-0.004081632653061273,0.0295918367346939,-0.025510204081632626,False,False
2026-03-25,3,603306.SH,华懋科技,shared,880656.SH,CPO概念,880656.SH,45.0,80.88659517935736,0.0,7.199999999999999,6.907216494845361,7.371134020618557,28.0,11.408244663893441,15.0,5.0,<50,-0.024121118809340425,-0.020913523222992003,0.0006415191172697288,0.047472414677957486,0.009879394405953201,-0.028740056453682272,False,False
2026-03-25,4,301085.SZ,亚康股份,shared,880656.SH,CPO概念,880656.SH,25.0,70.54311330869851,4.0,7.199999999999999,8.45360824742268,6.466494845360825,16.560937586083867,14.629872438604128,12.232200191227012,5.0,<50,-0.05820595954917396,-0.06623436776285319,-0.08121043693067775,-0.0742627759765323,-0.00015439246564752374,-0.06685193762544384,False,True
2026-03-25,5,301132.SZ,满坤科技,shared,880656.SH,CPO概念,880656.SH,25.0,59.679500627217045,6.0,7.199999999999999,3.556701030927835,1.9768041237113403,28.0,13.953419540746491,4.992575931831378,0.0,<50,-0.013020168496298279,-0.018381414347715008,-0.008169517487873423,0.03140158284401329,0.02808271636456472,-0.019657901455195415,False,False
2026-03-26,1,600598.SH,北大荒,shared,880709.SH,人造肉,880709.SH,78.43120165938723,78.43120165938723,0.0,2.4000000000000004,7.5,11.375,28.0,9.156201659387232,15.0,5.0,70-<80,0.019595448798988446,0.10493046776232617,0.055625790139064435,0.05120101137800237,0.04235145385587846,-0.008849557522123908,True,False
2026-03-26,2,300191.SZ,潜能恒信,shared,880549.SH,可燃冰,880549.SH,77.62208022630057,77.62208022630057,0.0,4.800000000000001,9.565217391304348,10.020833333333334,28.0,11.909765088005386,13.326264413657492,0.0,70-<80,0.042744063324538395,0.040633245382585725,0.013984168865435409,0.018205804749340526,0.05277044854881274,-0.0237467018469657,True,False
2026-03-27,1,600367.SH,红星发展,shared,880761.SH,锂矿,880761.SH,76.78278785087018,82.78278785087018,6.0,12.0,3.0,6.24,28.0,13.542787850870175,15.0,5.0,70-<80,-0.027109750765194618,-0.08701355487538265,-0.09838216003498035,-0.14123305640577177,0.0638390905115871,-0.028421512898994417,True,False
2026-04-03,1,688498.SH,源杰科技,shared,880656.SH,CPO概念,880656.SH;880670.SH,81.36906182076385,87.36906182076385,6.0,12.0,8.324607329842932,8.816151202749142,27.98894146166543,17.0,13.23936182650634,0.0,80-<90,-0.0073824884792627055,0.04792626728110605,0.039797235023041555,0.16682027649769582,0.0042396313364054805,-0.03133640552995387,False,True
2026-04-03,2,000988.SZ,华工科技,shared,880523.SH,铜缆高速连接,880656.SH;880670.SH;880661.SH;880523.SH,43.1513647986445,49.1513647986445,6.0,2.4000000000000004,8.125,10.5625,1.0726280002788988,11.991236798365602,15.0,0.0,<50,0.006374348078037384,0.06635116863048096,0.1100057948618891,0.20880819007146978,0.0479041916167664,-0.002704268881591698,True,False
2026-04-08,1,300042.SZ,朗科科技,shared,880689.SH,华为算力,880689.SH,76.61793607283946,84.61793607283946,8.0,7.199999999999999,8.448275862068966,9.055555555555555,28.0,11.91410465521494,15.0,5.0,70-<80,0.036191296854803934,0.016587677725118377,0.07065919862128389,0.05062473071951756,0.04308487720810006,-0.031882809133994106,True,True
2026-04-08,2,002913.SZ,奥士康,shared,880674.SH,英伟达概念,880674.SH,25.0,71.18929512518451,8.0,4.800000000000001,7.613636363636363,6.278409090909091,28.0,13.650496110172371,10.846753560466695,0.0,<50,0.0016054585591009918,0.015051173991571298,0.04194260485651213,0.021874372867750402,0.015452538631346657,-0.02227573750752554,False,False
2026-04-10,1,301292.SZ,海科新源,shared,880755.SH,钠电池,880755.SH,79.24086597163111,85.24086597163111,6.0,4.800000000000001,8.201438848920864,10.121428571428572,28.0,17.0,12.117998551281673,5.0,70-<80,0.041642297344718804,0.24997075681366243,0.09158965960931109,0.08316762194408711,0.0755643934963155,-0.04316294303427304,True,True
2026-04-10,2,301327.SZ,华宝新能,shared,880755.SH,钠电池,880755.SH,35.0,79.1979640273284,6.0,4.800000000000001,5.899280575539568,7.707142857142857,28.0,12.791540594645976,15.0,5.0,<50,0.00838414634146356,0.01189024390243909,-0.028506097560975552,-0.020121951219512102,0.019664634146341564,-0.008993902439024204,False,False
2026-04-15,1,002370.SZ,亚太药业,shared,880960.SH,仿制药,880960.SH;880652.SH;880766.SH,92.45332308598319,92.45332308598319,0.0,12.0,8.055555555555555,9.930555555555557,28.0,14.467211974872075,15.0,5.0,90-100,0.022606382978723527,0.0026595744680850686,-0.018617021276595702,-0.05053191489361697,0.030585106382978733,-0.014627659574467988,True,False
2026-04-15,2,688091.SH,上海谊众,shared,880652.SH,创新药,880652.SH,84.24231960401123,84.24231960401123,0.0,7.199999999999999,6.333333333333333,7.543795620437956,28.0,15.165190650239934,15.0,5.0,80-<90,-0.003844809507165259,-0.004718629849702838,-0.057147850401957245,-0.05470115344285209,0.02534078993358979,-0.021146452289409368,False,False
2026-04-15,3,002294.SZ,信立泰,shared,880681.SH,减肥药,880960.SH;880681.SH;880652.SH,82.4765203595981,90.4765203595981,8.0,9.600000000000001,9.344262295081966,11.532258064516128,28.0,17.0,15.0,0.0,80-<90,-0.1000445964025568,-0.12665378326148358,-0.16456072543481481,-0.1513304593429462,-0.01144640998959412,-0.1000445964025568,False,True
2026-04-15,4,300639.SZ,凯普生物,shared,880766.SH,幽门螺杆菌,880652.SH;880766.SH,81.57873263612811,85.57873263612811,4.0,4.800000000000001,9.178082191780822,10.684931506849315,28.0,15.742046198393975,12.173672739104003,5.0,80-<90,-0.02145922746781126,-0.05150214592274682,-0.05436337625178822,-0.0872675250357654,-0.0028612303290415086,-0.0400572246065809,False,True
2026-04-15,5,000950.SZ,重药控股,shared,880681.SH,减肥药,880681.SH;880652.SH,81.00641838619151,85.00641838619151,4.0,9.600000000000001,8.360655737704919,7.653225806451612,28.0,16.392536842034975,15.0,0.0,80-<90,-0.03937007874015752,-0.04094488188976375,-0.03622047244094484,-0.05039370078740146,-0.022047244094488105,-0.06299212598425186,False,True
2026-04-22,1,300050.SZ,世纪鼎利,shared,880682.SH,华为海思,880682.SH,25.0,70.9245803722911,6.0,7.199999999999999,6.557377049180328,8.311475409836065,14.280618275400336,16.76183245510897,12.8132771827654,5.0,<50,-0.04459459459459458,-0.04864864864864871,-0.04864864864864871,-0.04459459459459458,0.010810810810810922,-0.05675675675675673,False,True
2026-04-23,1,600583.SH,海油工程,shared,880549.SH,可燃冰,880549.SH,45.0,54.5201571674138,0.0,9.600000000000001,8.75,7.583333333333333,4.375560171438427,14.602779977220504,9.608483685421533,0.0,<50,-0.031029619181946355,-0.04795486600846255,-0.04795486600846255,-0.04513399153737663,0.004231311706629048,-0.031029619181946355,False,True
2026-04-24,1,002460.SZ,赣锋锂业,shared,880761.SH,锂矿,880761.SH;880727.SH,72.2735502922184,76.2735502922184,4.0,12.0,7.142857142857143,10.66,15.196491117777528,16.274202031583727,15.0,0.0,70-<80,-0.010354159312860323,-0.03400400047064367,0.022473232144958333,0.07600894222849752,0.017296152488528005,-0.01753147429109303,False,False
2026-04-24,2,000792.SZ,盐湖股份,shared,880761.SH,锂矿,880761.SH;880727.SH;880618.SH,69.26942781431195,69.26942781431195,0.0,12.0,5.918367346938775,10.01,12.397893705917207,13.94316676145597,15.0,0.0,60-<70,0.006680919294494991,-0.010689470871191875,0.05558524853019775,0.0796365579903795,0.016835916622127023,-0.0085515766969535,False,False
2026-04-24,3,300497.SZ,富祥股份,shared,880714.SH,氟概念,880714.SH,45.0,52.44580208204153,0.0,2.4000000000000004,5.846153846153846,5.8,4.029875838024078,14.954869218436793,14.414903179426815,5.0,<50,0.07927829414980869,0.049753963914707544,0.0841990158556587,0.07599781301257513,0.10552214324767628,-0.006560962274466786,True,False
2026-04-27,1,688213.SH,思特威-W,shared,880629.SH,MicroLED,880629.SH,82.53739635000532,86.53739635000532,4.0,7.199999999999999,8.571428571428571,11.25,28.0,14.008986049498365,12.506981729078387,5.0,80-<90,-0.05374458427893536,-0.08283474314008665,-0.0931504023107077,-0.05818031772230248,-0.006498865277491217,-0.062203424798844664,False,True
2026-04-27,2,300632.SZ,光莆股份,shared,880646.SH,复合铜箔,880646.SH;880635.SH,77.20828288796677,81.20828288796677,4.0,12.0,6.304347826086956,4.663043478260869,28.0,17.0,13.24089158361895,0.0,70-<80,-0.03465909090909103,0.1585227272727272,0.3903409090909089,0.4073863636363635,0.011363636363636243,-0.04034090909090915,False,True
2026-04-27,3,601208.SH,东材科技,shared,880646.SH,复合铜箔,880646.SH,25.0,45.86404298208142,4.0,12.0,6.739130434782608,8.054347826086957,0.18300013791480296,17.0,1.8875645832970538,0.0,<50,-0.01330745772109776,0.07180482395342369,0.08511228167452178,0.2520099805932907,0.017466038258941108,-0.02911006376490155,False,False
2026-04-27,4,688003.SH,天准科技,shared,880635.SH,先进封装,880635.SH,25.0,65.2374710181049,6.0,4.800000000000001,6.544502617801047,7.270669720767888,10.053943517840176,17.0,14.56835516169578,5.0,<50,-0.018841591067690233,-0.02581995812979776,0.006001395673412402,0.11891137473831126,0.011863224005582707,-0.03000697836706223,False,True
2026-04-28,1,002868.SZ,绿康生化,shared,880649.SH,POE胶膜,880649.SH,35.17984340574028,41.17984340574028,6.0,2.4000000000000004,6.071428571428571,1.1607142857142858,0.2733478892945836,12.347719128938305,13.926633530364533,5.0,<50,-0.00647836227001819,0.0059600932884165125,0.005441824306815057,-0.022285566208862573,0.0075149002332211,-0.012438455558434924,False,False
2026-04-28,2,000039.SZ,中集集团,shared,880750.SH,天然气,880750.SH,25.0,50.3579130346775,0.0,4.800000000000001,6.524822695035461,6.545454545454545,8.057089696683809,12.589223108299041,11.841322989204647,0.0,<50,0.09999999999999987,0.09646017699115039,0.18230088495575214,0.13362831858407076,0.09999999999999987,-0.023893805309734617,True,False
2026-04-29,1,603077.SH,和邦生物,shared,880761.SH,锂矿,880761.SH;880535.SH,85.11811022777027,85.11811022777027,0.0,12.0,4.2,6.37,28.0,14.851112201895278,14.69699802587499,5.0,80-<90,-0.02631578947368418,-0.023026315789473673,-0.046052631578947456,-0.05592105263157887,0.009868421052631415,-0.03289473684210531,False,True
2026-04-29,2,000933.SZ,神火股份,shared,880505.SH,稀缺资源,880505.SH,75.91485481855882,75.91485481855882,0.0,4.800000000000001,3.6507936507936507,6.706349206349206,28.0,12.757711961415962,15.0,5.0,70-<80,-0.027836611195158678,-0.01089258698940998,-0.03933434190620266,-0.0583963691376701,-0.0075642965204235635,-0.03963691376701961,False,True
2026-04-29,3,600010.SH,包钢股份,shared,880535.SH,稀土永磁,880535.SH,68.53670222468112,68.53670222468112,0.0,2.4000000000000004,1.829268292682927,11.176829268292682,28.0,12.96359165545644,12.167013008249068,0.0,60-<70,-0.021739130434782483,0.021739130434782705,0.01449275362318847,0.04347826086956519,0.0,-0.0253623188405796,False,False
2026-04-29,4,000612.SZ,焦作万方,shared,880535.SH,稀土永磁,880535.SH,45.0,65.23647015921188,0.0,2.4000000000000004,6.951219512195122,9.036585365853657,16.240020133036733,15.608645148126365,15.0,0.0,<50,-0.009687034277198303,0.020119225037257715,0.008941877794336861,-0.0216095380029806,0.01713859910581217,-0.0216095380029806,False,False
2026-04-29,5,000697.SZ,炼石航空,shared,880505.SH,稀缺资源,880505.SH,45.0,62.81282860759263,0.0,4.800000000000001,2.6984126984126986,3.507936507936508,28.0,15.206310157596302,8.600169243647116,0.0,<50,0.0,0.051130776794493515,0.15634218289085555,0.2114060963618487,0.002949852507374562,-0.02654867256637161,False,False
2026-04-30,1,688380.SH,中微半导,shared,880758.SH,汽车芯片,880758.SH;880672.SH,84.59329201263401,84.59329201263401,0.0,9.600000000000001,7.75,6.879166666666666,28.0,15.246658599167162,12.117466746800186,5.0,80-<90,0.029651284192942162,0.055543954896638104,0.03236583837961993,0.03988306535811237,0.06159949885153493,0.01670494884109419,True,False
2026-04-30,2,688518.SH,联赢激光,shared,880635.SH,先进封装,880635.SH,81.50999565924533,85.50999565924533,4.0,2.4000000000000004,9.109947643979057,9.543861801919721,28.0,16.456186213346555,15.0,5.0,80-<90,-0.006280530355896707,0.013258897418004123,0.0013956734124214165,0.02756454989532453,0.03140265177948365,-0.011863224005582707,True,False
2026-04-30,3,301306.SZ,西测测试,shared,880672.SH,存储芯片,880672.SH,78.75079397996461,86.75079397996461,8.0,4.800000000000001,9.695431472081218,9.724365482233502,28.0,14.530997025649892,15.0,5.0,70-<80,0.03898141443398506,0.010077238715906267,0.007542843350229367,0.005430847212165135,0.05587738353849869,-0.011585807385952163,True,False
2026-04-30,4,301095.SZ,广立微,shared,880672.SH,存储芯片,880672.SH,77.96646954422071,77.96646954422071,0.0,4.800000000000001,5.482233502538071,4.475296108291032,28.0,17.0,13.208939933391605,5.0,70-<80,0.018040621266427692,0.10585424133811228,0.1309438470728792,0.28434886499402623,0.04898446833930703,0.0035842293906809264,True,False
2026-04-30,5,301369.SZ,联动科技,shared,880635.SH,先进封装,880635.SH,68.49495162367467,72.49495162367467,4.0,2.4000000000000004,8.586387434554974,6.116437609075044,19.798761149331984,17.0,13.593365430712662,5.0,60-<70,0.012641853354501187,0.0779090962544835,0.26935967542776496,0.3766684306462045,0.04574586934791558,0.0054683365672958395,True,False
2026-05-06,1,002261.SZ,拓维信息,shared,880669.SH,算力租赁,880669.SH;880689.SH,79.49398003296677,83.49398003296677,4.0,7.199999999999999,7.295918367346939,8.485221674876847,26.284984194816733,14.871456545718752,14.35639925020751,5.0,70-<80,0.003989361702127603,-0.04601063829787244,-0.06329787234042561,-0.06303191489361715,0.007978723404255206,-0.008510638297872353,False,False
2026-05-06,2,688158.SH,优刻得-W,shared,880689.SH,华为算力,880669.SH;880689.SH,74.08898812134501,82.08898812134501,8.0,2.4000000000000004,9.572649572649572,10.961864406779661,28.0,16.154474141915784,15.0,0.0,70-<80,0.04953252436841038,0.019494728466282085,0.00258603540879232,0.011935548040580723,0.05152178237517391,-0.006365625621643112,True,False
2026-05-06,3,300088.SZ,长信科技,shared,880541.SH,AI手机PC,880669.SH;880541.SH,67.11435968156604,71.11435968156604,4.0,4.800000000000001,8.533333333333333,8.638157894736842,18.912492473741604,15.23037597975426,15.0,0.0,60-<70,0.04322766570605174,0.047550432276656895,0.050432276657060404,0.0835734870317002,0.05187319884726227,-0.0057636887608069065,True,False
2026-05-06,4,688229.SH,博睿数据,shared,880689.SH,华为算力,880689.SH,45.0,81.931602271313,8.0,2.4000000000000004,9.316239316239317,8.978813559322035,28.0,15.503598721016463,12.732950674735186,5.0,<50,0.029874213836478036,0.10272536687631018,0.06289308176100628,0.03459119496855334,0.05324947589098539,-0.013312368972746458,True,False
2026-05-06,5,300442.SZ,润泽科技,shared,880669.SH,算力租赁,880669.SH,35.0,90.62903142828105,14.0,7.199999999999999,8.061224489795919,12.327586206896552,28.0,15.967065130469091,14.073155601119499,5.0,<50,0.01288847313169117,0.019436648996985717,0.017669680906350793,0.056231161001975005,0.02068392059037527,-0.00893877975262447,False,False
2026-05-07,1,002957.SZ,科瑞技术,shared,880670.SH,光通信,880670.SH;880656.SH,90.05405405405405,90.05405405405405,0.0,12.0,3.918918918918919,9.135135135135135,28.0,17.0,15.0,5.0,90-100,-0.0037395512538496156,-0.01957765068191819,-0.04619445666520017,-0.005719313682358118,0.008578970523537288,-0.05081390233172023,False,True
2026-05-07,2,300131.SZ,英唐智控,shared,880656.SH,CPO概念,880656.SH,87.35947848656083,91.35947848656083,4.0,9.600000000000001,8.274111675126903,10.657360406091371,28.0,17.0,12.828006405342553,5.0,80-<90,0.020963172804532526,0.0322946175637393,0.07705382436260644,0.20396600566572243,0.03682719546742219,-0.03286118980169961,True,True
2026-05-07,3,300757.SZ,罗博特科,shared,880670.SH,光通信,880670.SH;880656.SH,81.88553729481815,85.88553729481815,4.0,12.0,7.027027027027027,8.16891891891892,28.0,15.68959134887221,15.0,0.0,80-<90,0.017400846527668934,0.0038799184825206723,-0.00045069760150495686,0.1541777708104719,0.036604483461357695,-0.028570308825834778,True,False
2026-05-07,4,002796.SZ,世嘉科技,shared,880656.SH,CPO概念,880656.SH,45.0,86.69687812774676,4.0,9.600000000000001,8.223350253807107,9.370558375634516,28.0,16.821768025900905,14.681201472404222,0.0,<50,0.010830324909747224,0.020801100223482916,0.02166064981949445,-0.12755716004813478,0.0256145779611483,-0.03730445246690739,False,True
2026-05-07,5,301172.SZ,君逸数码,shared,880670.SH,光通信,880670.SH;880656.SH,35.0,81.46020612584226,0.0,12.0,3.6486486486486487,3.381756756756757,28.0,17.0,12.429800720436855,5.0,<50,0.02244389027431426,0.06920199501246871,0.1617830423940152,0.11689526184538646,0.038965087281795485,-0.014650872817955074,True,False
2026-05-15,1,301377.SZ,鼎泰高科,shared,880736.SH,工业母机,880736.SH,33.788980227606615,41.788980227606615,8.0,2.4000000000000004,9.051724137931034,11.599137931034484,1.7381181586410934,17.0,0.0,0.0,<50,0.024183455125358355,0.0012111914086156972,0.0014534296903387922,0.25410795752755466,0.041624611409422974,-0.09160644353829384,True,True
2026-05-19,1,600037.SH,歌华有线,shared,880746.SH,国资云,880746.SH,76.18218714524647,76.18218714524647,0.0,2.4000000000000004,6.4,4.94,28.0,15.592344023159454,13.849843122087012,5.0,70-<80,-0.01728395061728394,-0.06172839506172845,-0.06296296296296289,-0.07654320987654306,-0.0037037037037036535,-0.030864197530864224,False,True
2026-05-19,2,300096.SZ,ST易联众,shared,880601.SH,智慧政务,880601.SH,35.0,71.09172943936404,0.0,4.800000000000001,7.87037037037037,5.506944444444445,28.0,15.088118581540364,9.826296043008862,0.0,<50,-0.0384215991692628,-0.05088265835929384,-0.04049844236760125,-0.052959501557632516,0.0020768431983384517,-0.04361370716510904,False,True
2026-05-19,3,002331.SZ,皖通科技,shared,880601.SH,智慧政务,880601.SH,25.0,46.03224254799833,0.0,4.800000000000001,7.037037037037037,3.2800925925925926,3.498799147539954,16.57510810847522,10.841205662353522,0.0,<50,-0.006085192697768638,-0.06288032454361048,-0.04056795131845825,-0.10141987829614607,0.028397565922920975,-0.008113590263691739,False,False
2026-05-19,4,603171.SH,税友股份,shared,880555.SH,财税数字化,880555.SH;880601.SH,25.0,61.86230695165769,4.0,7.199999999999999,8.787878787878787,9.75,9.845906109424927,15.705685976841322,10.572836077512656,0.0,<50,-0.01767550441887611,-0.07487076871769216,-0.09971652492913119,-0.15841253960313495,-0.0038352509588126527,-0.03501750875437726,False,True
2026-05-20,1,688347.SH,华虹宏力,shared,880672.SH,存储芯片,880672.SH,82.69934682641745,90.69934682641745,8.0,12.0,9.897435897435898,12.241116751269036,28.0,17.0,11.560794177712523,0.0,80-<90,-0.0494938132733409,0.006749156355455588,0.20809898762654666,0.21265466816647915,0.040494938132733305,-0.06096737907761529,True,True
2026-05-20,2,301312.SZ,智立方,shared,880635.SH,先进封装,880635.SH,71.9035248467717,75.9035248467717,4.0,7.199999999999999,8.324607329842932,5.416666666666667,28.0,15.69791224226563,11.26433860799647,0.0,70-<80,-0.08607778404058297,0.09670665915130039,0.19977453901280295,0.09042596022224014,0.0065222642724858115,-0.09815605121185278,False,True
2026-05-20,3,301265.SZ,华新科技,shared,880672.SH,存储芯片,880672.SH,25.0,72.41435918006854,0.0,12.0,4.717948717948718,2.1116751269035534,18.81450738684002,15.565822976465213,14.204404971911046,5.0,<50,-0.03133257833144576,0.04945262363155911,0.0305775764439411,0.05247263118157797,0.04530011325028327,-0.033975084937712285,True,True
2026-05-20,4,920971.BJ,天马新材,shared,880672.SH,存储芯片,880672.SH;880635.SH,25.0,65.3233375332952,4.0,12.0,8.102564102564102,4.586294416243655,5.082521766954945,17.0,13.551957247532496,5.0,<50,-0.017467248908296984,0.07423580786026185,0.1422333125389892,0.03898939488459141,0.09887710542732364,-0.018714909544603864,True,False
2026-05-21,1,001872.SZ,招商港口,shared,880502.SH,含B股,880502.SH,54.4771805005261,60.4771805005261,6.0,12.0,8.873239436619718,3.6619718309859155,9.593845194716499,14.881262418157547,11.466861620046425,0.0,50-<60,-0.0022045855379189128,0.013227513227513255,-0.011463844797177991,-0.03527336860670194,0.0092592592592593,-0.021164021164021163,False,False
2026-05-22,1,001359.SZ,平安电工,shared,880550.SH,PCB概念,880550.SH,25.0,66.74315711043467,4.0,9.600000000000001,5.207373271889401,5.2625237344968285,16.63339620854873,17.0,13.039863895499707,0.0,<50,0.04312900449459689,0.01271875298842895,-0.05010997417997509,-0.06474132160275414,0.04408530171177216,-0.009276083006598435,True,False
2026-05-22,2,002203.SZ,海亮股份,shared,880550.SH,PCB概念,880550.SH;880646.SH,25.0,58.45416892361514,4.0,9.600000000000001,6.543778801843318,7.125499939401285,3.18489018237054,17.0,15.0,0.0,<50,-0.020541549953314697,-0.07796451914098979,-0.11017740429505152,-0.042483660130718914,0.020541549953314586,-0.05695611577964532,False,True
2026-05-22,3,300351.SZ,永贵电器,shared,880656.SH,CPO概念,880656.SH,25.0,59.16065517543074,4.0,7.199999999999999,7.216494845360825,5.246192893401015,7.497967436668903,17.0,15.0,0.0,<50,-0.08046875000000009,-0.18125000000000002,-0.22421875000000002,-0.301171875,0.015625,-0.14179687500000004,False,True
2026-05-22,4,300410.SZ,正业科技,shared,880550.SH,PCB概念,880550.SH,25.0,61.96395766932349,8.0,9.600000000000001,9.216589861751151,9.443814891124308,2.309318611072857,16.394234305375175,15.0,0.0,<50,0.03747714808043878,0.058500914076782484,0.022851919561243106,0.09963436928702007,0.123400365630713,0.00822669104204743,True,False
2026-05-22,5,300460.SZ,ST惠伦,shared,880656.SH,CPO概念,880656.SH,25.0,47.02698914360716,0.0,7.199999999999999,5.051546391752577,2.276649746192893,1.1140202385606204,16.384772767101072,15.0,0.0,<50,-0.0058083252662149976,-0.01839303000968051,-0.03678606001936113,-0.09486931268151022,0.03484995159728932,-0.023233301064859657,True,False
2026-05-25,1,688167.SH,炬光科技,shared,880635.SH,先进封装,880635.SH;880672.SH,80.7146591229964,84.7146591229964,4.0,4.800000000000001,7.96875,8.53125,28.0,17.0,13.41465912299639,5.0,80-<90,-0.08132936507936506,-0.10119047619047616,-0.07571428571428573,-0.16373015873015873,-0.017996031746031704,-0.11384920634920637,False,True
2026-05-25,2,002134.SZ,天津普林,shared,880547.SH,玻璃基板,880547.SH,77.26696135310011,77.26696135310011,0.0,9.600000000000001,5.090909090909091,3.4272727272727272,24.63483898202047,17.0,12.513940552897825,5.0,70-<80,0.0725490196078431,-0.007189542483660216,-0.004901960784313819,-0.07647058823529407,0.09999999999999987,-0.004248366013071991,True,False
2026-05-25,3,001287.SZ,中电港,shared,880672.SH,存储芯片,880672.SH,67.98082501703338,67.98082501703338,0.0,2.4000000000000004,4.336734693877551,3.6954314720812182,28.0,14.548658851074613,15.0,0.0,60-<70,-0.040482954545454586,-0.0625,-0.014914772727272818,-0.1015625,-0.009943181818181879,-0.07244318181818177,False,True
2026-05-25,4,688053.SH,ST思科瑞,shared,880672.SH,存储芯片,880672.SH,25.0,48.912028583025034,0.0,2.4000000000000004,4.8979591836734695,1.352791878172589,16.025432368917325,15.119069410412722,9.116775741848926,0.0,<50,-0.03984637542006708,-0.07753240518482951,-0.06961113778204508,-0.13106096975516068,-0.0074411905904944176,-0.05184829572731631,False,True
2026-05-26,1,301219.SZ,腾远钴业,shared,880899.SH,钴金属,880899.SH;880612.SH,72.79851245846802,72.79851245846802,0.0,7.199999999999999,6.111111111111111,5.777777777777778,28.0,12.626843900949035,13.082779668630108,0.0,70-<80,-0.03858248669569442,-0.0389453313981617,-0.06011127237542346,-0.06047411707789063,0.002056119980648141,-0.045597484276729716,False,True
2026-05-27,1,603345.SH,安井食品,shared,880760.SH,预制菜,880760.SH,79.9937895531476,79.9937895531476,0.0,2.4000000000000004,8.899082568807339,11.286363636363635,28.0,12.091157529632023,12.31718581834459,5.0,70-<80,-0.007444421782582089,0.01621456251274722,0.019783805833163415,-0.08443809912298594,0.01346114623699779,-0.01488884356516429,False,False
2026-05-27,2,002216.SZ,三全食品,shared,880760.SH,预制菜,880760.SH,64.85786440871243,64.85786440871243,0.0,2.4000000000000004,6.8807339449541285,7.977272727272727,19.10052520145874,10.045964967182119,13.453367567844722,5.0,60-<70,0.0053272450532724225,0.05175038051750369,0.03196347031963476,-0.025875190258751846,0.022070015220700068,-0.006849315068493178,False,False
2026-05-28,1,688530.SH,欧莱新材,shared,880646.SH,复合铜箔,880646.SH,73.32155687714022,77.32155687714022,4.0,7.199999999999999,6.956521739130435,5.748381128584644,28.0,14.416654009425143,15.0,0.0,70-<80,-0.0459615384615385,-0.09307692307692317,-0.06519230769230766,-0.06480769230769223,0.01115384615384607,-0.06692307692307686,False,True
2026-05-28,2,300270.SZ,中威电子,shared,880670.SH,光通信,880670.SH,69.18259292669708,73.18259292669708,4.0,2.4000000000000004,8.64864864864865,6.185493379285325,27.68721220730584,13.378958844671084,14.882279846786188,0.0,60-<70,-0.05645161290322587,-0.07844574780058655,-0.08211143695014667,-0.08284457478005869,0.017595307917888547,-0.0674486803519061,False,True
2026-05-28,3,688103.SH,国力电子,shared,880754.SH,培育钻石,880754.SH,67.21135552414322,71.21135552414322,4.0,12.0,5.0,6.5,12.80604450033489,17.0,12.90531102380833,5.0,60-<70,-0.07634252539912922,-0.09941944847605233,-0.09666182873730045,-0.10087082728592167,-0.00014513788098702296,-0.08417997097242391,False,True
2026-05-28,4,300706.SZ,阿石创,shared,880646.SH,复合铜箔,880646.SH,60.52744224447798,68.52744224447798,8.0,7.199999999999999,9.565217391304348,8.956290471785383,10.805934381388246,17.0,15.0,0.0,60-<70,-0.09461210886872795,-0.10794297352342153,-0.04999074245510082,-0.02351416404369555,0.013145713756711697,-0.111275689687095,False,True
2026-05-29,1,600153.SH,建发股份,shared,880564.SH,白酒概念,880564.SH,82.64747315121171,82.64747315121171,0.0,9.600000000000001,8.125,6.364583333333333,28.0,12.604307472253428,12.95358234562495,5.0,80-<90,0.024767801857585203,0.008255933952528327,-0.007223942208462342,-0.018575851393188847,0.031991744066047545,-0.018575851393188847,True,False
2026-05-29,2,002329.SZ,皇氏集团,shared,880602.SH,免税概念,880602.SH,25.0,61.71385887357477,6.0,12.0,4.565217391304348,4.739583333333333,8.248024725428886,12.161033423508204,15.0,5.0,<50,0.009237875288683695,-0.011547344110854452,-0.04387990762124716,-0.1778290993071594,0.01616628175519641,-0.025404157043879994,False,False
2026-05-29,3,002948.SZ,青岛银行,shared,880501.SH,含H股,880501.SH,25.0,53.26719414880043,0.0,4.800000000000001,8.256410256410257,4.745,2.9012681230843445,13.138049859364752,14.426465909941072,5.0,<50,0.014311270125223707,0.003577817531305927,-0.01610017889087656,-0.02683363148479423,0.017889087656529634,-0.03398926654740597,False,True
2026-06-01,1,002832.SZ,比音勒芬,shared,880718.SH,小红书概念,880718.SH,77.7317768813272,77.7317768813272,0.0,2.4000000000000004,5.675675675675675,7.28,28.0,14.810165907107708,14.565935298543819,5.0,70-<80,-0.0014742014742015197,-0.021130221130221116,-0.05257985257985254,0.029484029484029284,0.029484029484029284,-0.01523341523341537,False,False
2026-06-01,2,600228.SH,返利科技,shared,880718.SH,小红书概念,880718.SH,25.0,45.040925346777385,0.0,2.4000000000000004,4.594594594594595,2.8600000000000003,9.67232512597837,12.240441875031038,13.273563751173384,0.0,<50,0.006329113924050667,-0.03164556962025322,-0.04588607594936711,0.0015822784810126667,0.025316455696202445,-0.007911392405063444,False,False
2026-06-02,1,002281.SZ,光迅科技,shared,880656.SH,CPO概念,880656.SH;880670.SH,84.26994740854606,88.26994740854606,4.0,12.0,7.076923076923077,11.713197969543147,25.47982636207983,17.0,15.0,0.0,80-<90,0.041327692808330596,0.02533587466877396,0.05797034075589225,-0.022732555436753343,0.0878155362372739,0.007856445539491386,True,False
2026-06-02,2,300292.SZ,吴通控股,shared,880670.SH,光通信,880670.SH,77.97624607645038,77.97624607645038,0.0,7.199999999999999,5.5479452054794525,8.895202249229095,28.0,9.230289187982802,14.102809433759026,5.0,70-<80,0.10036496350364965,0.06569343065693412,0.12226277372262762,0.07846715328467146,0.14598540145985406,0.01642335766423364,True,False
2026-06-02,3,600552.SH,凯盛科技,shared,880547.SH,玻璃基板,880547.SH,59.35327443541363,59.35327443541363,0.0,9.600000000000001,6.851851851851852,8.39090909090909,4.031483620734961,17.0,13.479029871917724,0.0,50-<60,-0.015392781316348136,0.047770700636942554,0.15233545647558389,0.20700636942675144,0.03768577494692149,-0.03397027600849256,True,True
2026-06-02,4,688655.SH,迅捷兴,shared,880656.SH,CPO概念,880656.SH,25.0,51.57356838007411,0.0,12.0,6.3076923076923075,5.675126903553299,0.16034571765681951,12.43040345117168,15.0,0.0,<50,0.20008183306055627,0.1599836333878888,0.11865793780687395,0.03682487725040917,0.20008183306055627,0.026595744680850908,True,False
2026-06-03,1,300398.SZ,飞凯材料,shared,880670.SH,光通信,880670.SH,76.97331416860428,90.97331416860428,14.0,9.600000000000001,8.783783783783784,9.553691275167786,28.0,15.035839109652702,15.0,5.0,70-<80,0.0709844559585493,0.06813471502590662,0.02979274611398952,0.160621761658031,0.08808290155440401,-0.01787564766839389,True,False
2026-06-03,2,688800.SH,瑞可达,shared,880523.SH,铜缆高速连接,880523.SH,76.2957035205492,82.2957035205492,6.0,4.800000000000001,7.5,8.395833333333334,28.0,13.599870187215867,15.0,5.0,70-<80,0.08008640691255309,0.008960716857348672,-0.07472597807824621,-0.0892871429714377,0.08016641331306507,-0.0278422273781902,True,False
2026-06-03,3,002297.SZ,博云新材,shared,880754.SH,培育钻石,880754.SH,70.3684312161703,74.3684312161703,4.0,12.0,6.666666666666667,7.583333333333334,16.289780778098333,11.828650438071953,15.0,5.0,70-<80,-0.01888574126534459,-0.03493862134088754,-0.06468366383380553,-0.01652502360717667,-0.0037771482530688516,-0.035882908404154756,False,True
2026-06-03,4,300323.SZ,华灿光电,shared,880656.SH,CPO概念,880656.SH,25.0,70.02323773440648,14.0,2.4000000000000004,9.086294416243655,10.063451776649746,12.765176893651693,15.708314647861386,15.0,5.0,<50,0.08816425120772942,0.06642512077294693,0.010265700483091944,-0.05374396135265691,0.12681159420289867,-0.021739130434782594,True,False
2026-06-03,5,301172.SZ,君逸数码,shared,880670.SH,光通信,880670.SH;880656.SH,25.0,55.23716681838796,6.0,9.600000000000001,5.608108108108108,3.664429530201342,4.961370828298499,11.40325835178001,15.0,5.0,<50,-0.028492647058823484,-0.047487745098039214,-0.11305147058823528,-0.08609068627450989,0.0,-0.0404411764705882,False,True
2026-06-04,1,688596.SH,正帆科技,shared,880734.SH,工业气体,880734.SH;880672.SH,85.03755639604222,85.03755639604222,0.0,12.0,6.428571428571429,7.428571428571429,28.0,11.180413538899359,15.0,5.0,80-<90,0.02660642570281113,-0.047690763052208984,0.14282128514056214,0.19026104417670675,0.07003012048192758,-0.050200803212851364,True,True
2026-06-04,2,688766.SH,普冉股份,shared,880672.SH,存储芯片,880672.SH,81.15094414132349,89.15094414132349,8.0,4.800000000000001,9.949238578680204,11.581218274111675,28.0,16.184983718543453,13.635503569988154,5.0,80-<90,-0.07335907335907343,-0.12717912717912727,-0.04289224289224303,-0.09306189306189316,-0.014859014859014863,-0.08037908037908048,False,True
2026-06-04,3,300567.SZ,精测电子,shared,880672.SH,存储芯片,880672.SH,80.79492385786801,88.79492385786801,8.0,4.800000000000001,8.83248730964467,10.16243654822335,28.0,17.0,15.0,5.0,80-<90,-0.07149165848871453,-0.127576054955839,-0.0732090284592739,-0.05348380765456329,-0.026790971540726294,-0.07948969578017673,False,True
2026-06-04,4,688170.SH,德龙激光,shared,880547.SH,玻璃基板,880547.SH;880672.SH,35.0,65.6772793751394,0.0,9.600000000000001,6.909090909090909,4.136363636363637,10.162939088970061,14.868885740714797,15.0,5.0,<50,0.06724367509986706,0.008655126498002819,0.05725699067909473,-0.06271637816245001,0.10812250332889484,-0.0411451398135817,True,True
2026-06-04,5,002816.SZ,*ST和科,shared,880716.SH,光刻机,880716.SH,25.0,71.07477743039375,6.0,2.4000000000000004,4.634146341463414,5.294354838709678,28.0,12.967835816251071,12.778440433969585,5.0,<50,0.004410585404971856,0.000801924619085792,0.002405773857257376,0.010024057738572623,0.019246190858059453,-0.034482758620689724,False,True
2026-06-05,1,301387.SZ,光大同创,shared,880912.SH,外骨骼机器人,880912.SH,90.50902467043383,90.50902467043383,0.0,12.0,7.777777777777778,8.185185185185185,28.0,14.546061707470868,15.0,5.0,90-100,0.008860498660622218,0.05790232845662491,0.06573253657531408,0.004121162167731285,0.04347826086956519,-0.0708839892849783,True,True
2026-06-05,2,002380.SZ,科远智慧,shared,880660.SH,工业软件,880660.SH,25.0,42.411144704754214,6.0,4.800000000000001,1.4705882352941178,5.544117647058824,0.1108194585744755,10.485619363826794,15.0,5.0,<50,-0.013277792241603747,0.012757094506638866,-0.02499349127831274,-0.035667794845092415,0.03722988804998706,-0.03384535277271539,True,True
2026-06-09,1,301176.SZ,逸豪新材,shared,880550.SH,PCB概念,880550.SH,75.13578229283813,83.13578229283813,8.0,2.4000000000000004,9.363636363636363,8.394618834080717,28.0,14.977527095121044,15.0,5.0,70-<80,0.07473470309324903,0.06502596522917137,0.2779408444344096,0.8401445021449538,0.16211334386994802,-0.023707383156468698,True,False
2026-06-09,2,688020.SH,方邦股份,shared,880646.SH,复合铜箔,880646.SH;880550.SH,72.03693662416273,80.03693662416273,8.0,7.199999999999999,10.0,9.26595744680851,20.672015389680702,13.0,14.898963787673525,5.0,70-<80,0.08313024641213107,0.2049823991334958,0.2963715136745193,0.5691849444895749,0.10100189547793104,-0.025182778229081992,True,False
2026-06-09,3,001266.SZ,宏英智能,shared,880550.SH,PCB概念,880550.SH,25.0,63.22800376245598,6.0,2.4000000000000004,2.727272727272727,2.9439461883408073,28.0,13.192295651398966,13.964489195443475,0.0,<50,-0.004131332898456241,-0.009349858664927102,-0.024787997390737115,0.09067188519243308,0.004348771472059143,-0.0302239617308111,False,True
2026-06-09,4,300041.SZ,回天新材,shared,880550.SH,PCB概念,880550.SH,25.0,55.27647180934127,4.0,2.4000000000000004,7.363636363636363,7.257847533632287,7.681022021731418,15.5739658903412,15.0,0.0,<50,-0.0021834061135370675,-0.02911208151382827,-0.05312954876273657,0.04148471615720517,0.008005822416302655,-0.03202328966521106,False,True
2026-06-09,5,300243.SZ,瑞丰高材,shared,880550.SH,PCB概念,880550.SH,25.0,67.95674362507346,4.0,2.4000000000000004,7.636363636363637,6.674887892376681,28.0,13.88988398593105,9.355608110402093,0.0,<50,0.0010482180293502896,-0.018343815513626738,-0.050838574423480054,0.07599580712788279,0.04716981132075482,-0.022012578616352085,True,False
2026-06-10,1,603931.SH,格林达,shared,880714.SH,氟概念,880714.SH;880716.SH,81.38936612781838,81.38936612781838,0.0,4.800000000000001,6.615384615384615,6.6,28.0,17.0,13.373981512433762,5.0,80-<90,0.017696103454143186,-0.08405649140718063,-0.08320571720265446,-0.02348136804492096,0.04526118768078935,-0.02994725199931947,True,False
2026-06-10,2,603125.SH,常青科技,shared,880716.SH,光刻机,880716.SH,67.69626836310009,67.69626836310009,0.0,2.4000000000000004,8.548387096774194,7.600806451612903,28.0,13.417572078004358,7.729502736708629,0.0,60-<70,-0.015304067660088516,-0.024969794603302398,0.039065646395489484,0.14377768828030613,0.008860249697946188,-0.03141361256544495,False,True
2026-06-11,1,000962.SZ,东方钽业,shared,880505.SH,稀缺资源,880505.SH,69.67459600295467,77.67459600295467,8.0,2.4000000000000004,8.88888888888889,11.34920634920635,28.0,13.81437420617333,13.222126558686105,0.0,60-<70,-0.01139502762430944,0.054903314917126966,0.11118784530386727,0.08787983425414359,0.026243093922651894,-0.03263121546961323,False,True
2026-06-12,1,600123.SH,兰花科创,shared,880505.SH,稀缺资源,880505.SH,45.0,60.59638474745008,0.0,2.4000000000000004,6.721311475409836,2.373015873015873,15.463128460778561,14.903429354922148,13.735499583323666,5.0,<50,-0.01716738197424894,-0.0386266094420602,-0.09155937052932772,-0.1258941344778255,0.0,-0.030042918454935563,False,True
2026-06-15,1,601138.SH,工业富联,shared,880656.SH,CPO概念,880656.SH,75.9191153815246,75.9191153815246,0.0,7.199999999999999,2.6020408163265305,8.21773573296416,28.0,14.89933883223392,15.0,0.0,70-<80,-0.006811989100817484,-0.010354223433242549,0.06376021798365117,0.009536784741144277,0.021662125340599303,-0.012261580381471515,False,False
2026-06-15,2,688308.SH,欧科亿,shared,880550.SH,PCB概念,880550.SH,71.3198031839631,79.3198031839631,8.0,4.800000000000001,9.406392694063927,10.755605381165918,28.0,17.0,9.35780510873325,0.0,70-<80,0.018147027961237017,0.07690883278809957,0.1638787729152522,0.11277081661625843,0.05370038886488504,-0.03098574162088752,True,True
2026-06-15,3,002185.SZ,华天科技,shared,880656.SH,CPO概念,880656.SH;880547.SH,25.0,53.273293900066115,4.0,7.199999999999999,4.8979591836734695,8.61767420396862,4.057325005953375,13.50033550647065,15.0,0.0,<50,0.04028021015761829,0.11208406304728546,0.14477524810274378,0.14068884997081144,0.05370694687682431,0.004086398131932345,True,False
2026-06-15,4,300410.SZ,正业科技,shared,880550.SH,PCB概念,880550.SH,25.0,65.77565147801491,8.0,4.800000000000001,8.173515981735159,6.820627802690582,16.116694332676456,14.864813360912708,15.0,0.0,<50,0.10084745762711855,0.12372881355932197,0.09237288135593213,0.05084745762711851,0.14406779661016933,-0.012711864406779738,True,False
2026-06-15,5,300679.SZ,电连技术,shared,880550.SH,PCB概念,880550.SH,25.0,71.75272957751113,8.0,4.800000000000001,8.995433789954339,10.376681614349776,19.490146915771742,16.422346432309585,11.668120825125689,0.0,<50,0.04361319830120869,0.08314276380267893,0.17918980725253175,0.12185560274420126,0.08265272786671019,0.011434171839268314,True,False
2026-06-16,1,301512.SZ,智信精密,shared,880550.SH,PCB概念,880550.SH,25.0,59.156578655600946,0.0,4.800000000000001,5.520361990950226,4.517937219730942,28.0,14.62445929360434,1.6938201513154354,0.0,<50,0.020057824358511,0.03162269606071555,0.007408745934224692,0.03144199494036859,0.044271774485001636,-0.016805204192266165,True,False
2026-06-22,1,601666.SH,平煤股份,shared,880505.SH,稀缺资源,880505.SH,67.01171699770067,71.01171699770067,4.0,7.199999999999999,5.645161290322581,4.849206349206349,17.99047924789276,15.326870110278978,15.0,5.0,60-<70,-0.03490990990990994,-0.08333333333333337,-0.08896396396396411,-0.14977477477477485,0.021396396396396344,-0.03941441441441462,False,True
